{"$schema":"http://schema.management.azure.com/schemas/2015-01-01/deploymentTemplate.json#","contentVersion":"1.0.0.0","parameters":{"factoryName":{"type":"string","metadata":"Data Factory name"},"AzureSqlDatabase":{"type":"string"}},"variables":{"factoryId":"[concat('Microsoft.DataFactory/factories/', parameters('factoryName'))]"},"resources":[{"name":"[concat(parameters('factoryName'), '/Incremental Load')]","type":"Microsoft.DataFactory/factories/pipelines","apiVersion":"2018-06-01","properties":{"activities":[{"name":"LookupOldWaterMarkActivity","type":"Lookup","dependsOn":[],"policy":{"timeout":"0.12:00:00","retry":0,"retryIntervalInSeconds":30,"secureOutput":false,"secureInput":false},"userProperties":[],"typeProperties":{"source":{"type":"AzureSqlSource","queryTimeout":"02:00:00","partitionOption":"None"},"dataset":{"referenceName":"WatermarkDataset","type":"DatasetReference","parameters":{}}}},{"name":"LookupNewWaterMarkActivity","type":"Lookup","dependsOn":[],"policy":{"timeout":"0.12:00:00","retry":0,"retryIntervalInSeconds":30,"secureOutput":false,"secureInput":false},"userProperties":[],"typeProperties":{"source":{"type":"AzureSqlSource","sqlReaderQuery":"select MAX(LastModifytime) as NewWatermarkvalue from data_source_table","queryTimeout":"02:00:00","partitionOption":"None"},"dataset":{"referenceName":"SourceDataset","type":"DatasetReference","parameters":{}}}},{"name":"IncrementalCopyActivity","type":"Copy","dependsOn":[{"activity":"LookupOldWaterMarkActivity","dependencyConditions":["Succeeded"]},{"activity":"LookupNewWaterMarkActivity","dependencyConditions":["Succeeded"]}],"policy":{"timeout":"0.12:00:00","retry":0,"retryIntervalInSeconds":30,"secureOutput":false,"secureInput":false},"userProperties":[],"typeProperties":{"source":{"type":"AzureSqlSource","sqlReaderQuery":{"value":"select * from data_source_table where LastModifytime > '@{activity('LookupOldWaterMarkActivity').output.firstRow.WatermarkValue}' and LastModifytime <= '@{activity('LookupNewWaterMarkActivity').output.firstRow.NewWatermarkvalue}'","type":"Expression"},"queryTimeout":"02:00:00","partitionOption":"None"},"sink":{"type":"AzureSqlSink","writeBehavior":"insert","sqlWriterUseTableLock":false,"disableMetricsCollection":false},"enableStaging":false,"translator":{"type":"TabularTranslator","typeConversion":true,"typeConversionSettings":{"allowDataTruncation":true,"treatBooleanAsNumber":false}}},"inputs":[{"referenceName":"SourceDataset","type":"DatasetReference","parameters":{}}],"outputs":[{"referenceName":"SinkSQLDataset","type":"DatasetReference","parameters":{}}]},{"name":"StoredProceduretoWriteWatermarkActivity","type":"SqlServerStoredProcedure","dependsOn":[{"activity":"IncrementalCopyActivity","dependencyConditions":["Succeeded"]}],"policy":{"timeout":"0.12:00:00","retry":0,"retryIntervalInSeconds":30,"secureOutput":false,"secureInput":false},"userProperties":[],"typeProperties":{"storedProcedureName":"[[dbo].[usp_write_watermark]","storedProcedureParameters":{"LastModifiedtime":{"value":{"value":"@{activity('LookupNewWaterMarkActivity').output.firstRow.NewWatermarkvalue}","type":"Expression"},"type":"DateTime"},"TableName":{"value":{"value":"@{activity('LookupOldWaterMarkActivity').output.firstRow.TableName}","type":"Expression"},"type":"String"}}},"linkedServiceName":{"referenceName":"[parameters('AzureSqlDatabase')]","type":"LinkedServiceReference"}}],"policy":{"elapsedTimeMetric":{}},"annotations":[],"lastPublishTime":"2024-09-23T03:47:03Z"},"dependsOn":["[concat(variables('factoryId'), '/datasets/WatermarkDataset')]","[concat(variables('factoryId'), '/datasets/SourceDataset')]","[concat(variables('factoryId'), '/datasets/SinkSQLDataset')]"]},{"name":"[concat(parameters('factoryName'), '/WatermarkDataset')]","type":"Microsoft.DataFactory/factories/datasets","apiVersion":"2018-06-01","properties":{"linkedServiceName":{"referenceName":"[parameters('AzureSqlDatabase')]","type":"LinkedServiceReference"},"annotations":[],"type":"AzureSqlTable","schema":[{"name":"TableName","type":"varchar"},{"name":"WatermarkValue","type":"datetime","precision":23,"scale":3}],"typeProperties":{"schema":"dbo","table":"watermarktable"}},"dependsOn":[]},{"name":"[concat(parameters('factoryName'), '/SourceDataset')]","type":"Microsoft.DataFactory/factories/datasets","apiVersion":"2018-06-01","properties":{"linkedServiceName":{"referenceName":"[parameters('AzureSqlDatabase')]","type":"LinkedServiceReference"},"annotations":[],"type":"AzureSqlTable","schema":[{"name":"PersonID","type":"int","precision":10},{"name":"Name","type":"varchar"},{"name":"LastModifytime","type":"datetime","precision":23,"scale":3}],"typeProperties":{"schema":"dbo","table":"data_source_table"}},"dependsOn":[]},{"name":"[concat(parameters('factoryName'), '/SinkSQLDataset')]","type":"Microsoft.DataFactory/factories/datasets","apiVersion":"2018-06-01","properties":{"linkedServiceName":{"referenceName":"[parameters('AzureSqlDatabase')]","type":"LinkedServiceReference"},"annotations":[],"type":"AzureSqlTable","schema":[{"name":"PersonID","type":"int","precision":10},{"name":"Name","type":"varchar"},{"name":"rollNo","type":"int","precision":10},{"name":"LastModifytime","type":"datetime","precision":23,"scale":3}],"typeProperties":{"schema":"dbo","table":"incrementaldata"}},"dependsOn":[]}]}