{"$schema":"http://schema.management.azure.com/schemas/2015-01-01/deploymentTemplate.json#","contentVersion":"1.0.0.0","parameters":{"factoryName":{"type":"string","metadata":"Data Factory name"},"InputBlob":{"type":"string"}},"variables":{"factoryId":"[concat('Microsoft.DataFactory/factories/', parameters('factoryName'))]"},"resources":[{"name":"[concat(parameters('factoryName'), '/WindowsPipeline')]","type":"Microsoft.DataFactory/factories/pipelines","apiVersion":"2018-06-01","properties":{"activities":[{"name":"Window Transformation","type":"ExecuteDataFlow","dependsOn":[],"policy":{"timeout":"0.12:00:00","retry":0,"retryIntervalInSeconds":30,"secureOutput":false,"secureInput":false},"userProperties":[],"typeProperties":{"dataflow":{"referenceName":"Window Transformation","type":"DataFlowReference","parameters":{},"datasetParameters":{"Cars":{},"StoreToFlatFile":{}}},"staging":{},"compute":{"coreCount":8,"computeType":"General"},"traceLevel":"Fine"}}],"policy":{"elapsedTimeMetric":{}},"annotations":[],"lastPublishTime":"2024-09-21T07:05:37Z"},"dependsOn":["[concat(variables('factoryId'), '/dataflows/Window Transformation')]"]},{"name":"[concat(parameters('factoryName'), '/Window Transformation')]","type":"Microsoft.DataFactory/factories/dataflows","apiVersion":"2018-06-01","properties":{"type":"MappingDataFlow","typeProperties":{"sources":[{"dataset":{"referenceName":"Cars","type":"DatasetReference"},"name":"Cars"}],"sinks":[{"dataset":{"referenceName":"DelimitedText1","type":"DatasetReference"},"name":"StoreToFlatFile","description":"Store output from Select Transformation to Delimited File Format"}],"transformations":[{"name":"Window"},{"name":"SelectColumns","description":"Renaming Window to Select Columns with columns 'Make, Model, Type, MSRP, Invoice, Engine Size, Horsepower, MPG_City, MPG_Highway, Weight, Rank_MPG, Ntile_MPG, CumDist_MPG'"}],"scriptLines":["source(output(","          Make as string,","          Model as string,","          Type as string,","          Origin as string,","          DriveTrain as string,","          MSRP as integer,","          Invoice as integer,","          EngineSize as float,","          Cylinders as integer,","          Horsepower as integer,","          MPG_City as float,","          MPG_Highway as float,","          Weight as integer,","          Wheelbase as integer,","          Length as integer","     ),","     allowSchemaDrift: true,","     validateSchema: false,","     ignoreNoFilesFound: false) ~> Cars","Cars window(over(Make),","     desc(round(add(MPG_City,MPG_Highway)/2, 2), true),","     Rank = denseRank(),","          Ntile = nTile(4),","          CumDist = cumeDist()) ~> Window","Window select(mapColumn(","          Make,","          Model,","          Type,","          MSRP,","          Invoice,","          EngineSize,","          Horsepower,","          MPG_City,","          MPG_Highway,","          Weight,","          Rank_MPG = Rank,","          Ntile_MPG = Ntile,","          CumDist_MPG = CumDist","     ),","     skipDuplicateMapInputs: false,","     skipDuplicateMapOutputs: false) ~> SelectColumns","SelectColumns sink(allowSchemaDrift: true,","     validateSchema: false,","     skipDuplicateMapInputs: true,","     skipDuplicateMapOutputs: true) ~> StoreToFlatFile"]}},"dependsOn":["[concat(variables('factoryId'), '/datasets/Cars')]","[concat(variables('factoryId'), '/datasets/DelimitedText1')]"]},{"name":"[concat(parameters('factoryName'), '/Cars')]","type":"Microsoft.DataFactory/factories/datasets","apiVersion":"2018-06-01","properties":{"linkedServiceName":{"referenceName":"[parameters('InputBlob')]","type":"LinkedServiceReference"},"annotations":[],"type":"DelimitedText","typeProperties":{"location":{"type":"AzureBlobStorageLocation","fileName":"cars.csv","container":"input"},"columnDelimiter":",","escapeChar":"\\","firstRowAsHeader":true,"quoteChar":"\""},"schema":[{"name":"Make","type":"String"},{"name":"Model","type":"String"},{"name":"Type","type":"String"},{"name":"Origin","type":"String"},{"name":"DriveTrain","type":"String"},{"name":"MSRP","type":"String"},{"name":"Invoice","type":"String"},{"name":"EngineSize","type":"String"},{"name":"Cylinders","type":"String"},{"name":"Horsepower","type":"String"},{"name":"MPG_City","type":"String"},{"name":"MPG_Highway","type":"String"},{"name":"Weight","type":"String"},{"name":"Wheelbase","type":"String"},{"name":"Length","type":"String"}]},"dependsOn":[]},{"name":"[concat(parameters('factoryName'), '/DelimitedText1')]","type":"Microsoft.DataFactory/factories/datasets","apiVersion":"2018-06-01","properties":{"linkedServiceName":{"referenceName":"[parameters('InputBlob')]","type":"LinkedServiceReference"},"annotations":[],"type":"DelimitedText","typeProperties":{"location":{"type":"AzureBlobStorageLocation","folderPath":"WindowFunction","container":"cars"},"columnDelimiter":",","escapeChar":"\\","firstRowAsHeader":true,"quoteChar":"\""},"schema":[]},"dependsOn":[]}]}