{"$schema":"http://schema.management.azure.com/schemas/2015-01-01/deploymentTemplate.json#","contentVersion":"1.0.0.0","parameters":{"factoryName":{"type":"string","metadata":"Data Factory name"},"InputBlob":{"type":"string"},"AzureSqlOutputDB":{"type":"string"}},"variables":{"factoryId":"[concat('Microsoft.DataFactory/factories/', parameters('factoryName'))]"},"resources":[{"name":"[concat(parameters('factoryName'), '/Join Pipeline')]","type":"Microsoft.DataFactory/factories/pipelines","apiVersion":"2018-06-01","properties":{"activities":[{"name":"Join Data Flow","type":"ExecuteDataFlow","dependsOn":[],"policy":{"timeout":"0.12:00:00","retry":0,"retryIntervalInSeconds":30,"secureOutput":false,"secureInput":false},"userProperties":[],"typeProperties":{"dataflow":{"referenceName":"JoinDataFlow","type":"DataFlowReference","parameters":{},"datasetParameters":{"Customer":{},"Orders":{},"Destination":{}}},"staging":{},"compute":{"coreCount":8,"computeType":"General"},"traceLevel":"Fine"}}],"policy":{"elapsedTimeMetric":{}},"annotations":[],"lastPublishTime":"2024-09-23T05:14:42Z"},"dependsOn":["[concat(variables('factoryId'), '/dataflows/JoinDataFlow')]"]},{"name":"[concat(parameters('factoryName'), '/JoinDataFlow')]","type":"Microsoft.DataFactory/factories/dataflows","apiVersion":"2018-06-01","properties":{"type":"MappingDataFlow","typeProperties":{"sources":[{"dataset":{"referenceName":"customers","type":"DatasetReference"},"name":"Customer"},{"dataset":{"referenceName":"Orders","type":"DatasetReference"},"name":"Orders"}],"sinks":[{"dataset":{"referenceName":"AzureSqlTable1","type":"DatasetReference"},"name":"Destination"}],"transformations":[{"name":"Join"}],"scriptLines":["source(output(","          CID as string,","          FirstName as string,","          LastName as string,","          Address as string,","          City as string,","          State as string,","          Zip as string,","          email as string","     ),","     allowSchemaDrift: true,","     validateSchema: false,","     ignoreNoFilesFound: false) ~> Customer","source(output(","          OrderID as string,","          OrderDate as string,","          CID as string,","          ShippingMethod as string","     ),","     allowSchemaDrift: true,","     validateSchema: false,","     ignoreNoFilesFound: false) ~> Orders","Customer, Orders join(Customer@CID == Orders@CID,","     joinType:'inner',","     matchType:'exact',","     ignoreSpaces: false,","     broadcast: 'auto')~> Join","Join sink(allowSchemaDrift: true,","     validateSchema: false,","     deletable:false,","     insertable:true,","     updateable:false,","     upsertable:false,","     format: 'table',","     skipDuplicateMapInputs: true,","     skipDuplicateMapOutputs: true,","     saveOrder: 1,","     errorHandlingOption: 'stopOnFirstError') ~> Destination"]}},"dependsOn":["[concat(variables('factoryId'), '/datasets/customers')]","[concat(variables('factoryId'), '/datasets/Orders')]","[concat(variables('factoryId'), '/datasets/AzureSqlTable1')]"]},{"name":"[concat(parameters('factoryName'), '/customers')]","type":"Microsoft.DataFactory/factories/datasets","apiVersion":"2018-06-01","properties":{"linkedServiceName":{"referenceName":"[parameters('InputBlob')]","type":"LinkedServiceReference"},"annotations":[],"type":"DelimitedText","typeProperties":{"location":{"type":"AzureBlobStorageLocation","fileName":"Customers.csv","container":"customer"},"columnDelimiter":",","escapeChar":"\\","firstRowAsHeader":true,"quoteChar":"\""},"schema":[{"name":"CID","type":"String"},{"name":"FirstName","type":"String"},{"name":"LastName","type":"String"},{"name":"Address","type":"String"},{"name":"City","type":"String"},{"name":"State","type":"String"},{"name":"Zip","type":"String"},{"name":"email","type":"String"}]},"dependsOn":[]},{"name":"[concat(parameters('factoryName'), '/Orders')]","type":"Microsoft.DataFactory/factories/datasets","apiVersion":"2018-06-01","properties":{"linkedServiceName":{"referenceName":"[parameters('InputBlob')]","type":"LinkedServiceReference"},"annotations":[],"type":"DelimitedText","typeProperties":{"location":{"type":"AzureBlobStorageLocation","fileName":"Orders.csv","container":"orders"},"columnDelimiter":",","escapeChar":"\\","firstRowAsHeader":true,"quoteChar":"\""},"schema":[{"name":"OrderID","type":"String"},{"name":"OrderDate","type":"String"},{"name":"CID","type":"String"},{"name":"ShippingMethod","type":"String"}]},"dependsOn":[]},{"name":"[concat(parameters('factoryName'), '/AzureSqlTable1')]","type":"Microsoft.DataFactory/factories/datasets","apiVersion":"2018-06-01","properties":{"linkedServiceName":{"referenceName":"[parameters('AzureSqlOutputDB')]","type":"LinkedServiceReference"},"annotations":[],"type":"AzureSqlTable","schema":[],"typeProperties":{"schema":"dbo","table":"Customerorder"}},"dependsOn":[]}]}