{"$schema":"http://schema.management.azure.com/schemas/2015-01-01/deploymentTemplate.json#","contentVersion":"1.0.0.0","parameters":{"factoryName":{"type":"string","metadata":"Data Factory name"},"InputBlob":{"type":"string"},"AzureSqlOutputDB":{"type":"string"}},"variables":{"factoryId":"[concat('Microsoft.DataFactory/factories/', parameters('factoryName'))]"},"resources":[{"name":"[concat(parameters('factoryName'), '/BlobtoSql Pipeline')]","type":"Microsoft.DataFactory/factories/pipelines","apiVersion":"2018-06-01","properties":{"activities":[{"name":"BlobToSQLPipeline","type":"Copy","dependsOn":[],"policy":{"timeout":"0.12:00:00","retry":0,"retryIntervalInSeconds":30,"secureOutput":false,"secureInput":false},"userProperties":[],"typeProperties":{"source":{"type":"DelimitedTextSource","storeSettings":{"type":"AzureBlobStorageReadSettings","recursive":true,"enablePartitionDiscovery":false},"formatSettings":{"type":"DelimitedTextReadSettings"}},"sink":{"type":"AzureSqlSink","writeBehavior":"insert","sqlWriterUseTableLock":false,"disableMetricsCollection":false},"enableStaging":false,"translator":{"type":"TabularTranslator","mappings":[{"source":{"name":"Make","type":"String","physicalType":"String"},"sink":{"name":"Make","type":"String","physicalType":"varchar"}},{"source":{"name":"Model","type":"String","physicalType":"String"},"sink":{"name":"Model","type":"String","physicalType":"varchar"}},{"source":{"name":"Type","type":"String","physicalType":"String"},"sink":{"name":"Type","type":"String","physicalType":"varchar"}},{"source":{"name":"Origin","type":"String","physicalType":"String"},"sink":{"name":"Origin","type":"String","physicalType":"varchar"}},{"source":{"name":"DriveTrain","type":"String","physicalType":"String"},"sink":{"name":"DriveTrain","type":"String","physicalType":"varchar"}},{"source":{"name":"MSRP","type":"String","physicalType":"String"},"sink":{"name":"MSRP","type":"Decimal","physicalType":"decimal","scale":2,"precision":18}},{"source":{"name":"Invoice","type":"String","physicalType":"String"},"sink":{"name":"Invoice","type":"Int32","physicalType":"int"}},{"source":{"name":"EngineSize","type":"String","physicalType":"String"},"sink":{"name":"EngineSize","type":"Decimal","physicalType":"decimal","scale":1,"precision":4}},{"source":{"name":"Cylinders","type":"String","physicalType":"String"},"sink":{"name":"Cylinders","type":"Decimal","physicalType":"decimal","scale":1,"precision":3}},{"source":{"name":"Horsepower","type":"String","physicalType":"String"},"sink":{"name":"Horsepower","type":"Int32","physicalType":"int"}},{"source":{"name":"MPG_City","type":"String","physicalType":"String"},"sink":{"name":"MPG_City","type":"Decimal","physicalType":"decimal","scale":1,"precision":3}},{"source":{"name":"MPG_Highway","type":"String","physicalType":"String"},"sink":{"name":"MPG_Highway","type":"Int32","physicalType":"int"}},{"source":{"name":"Weight","type":"String","physicalType":"String"},"sink":{"name":"Weight","type":"Int32","physicalType":"int"}},{"source":{"name":"Wheelbase","type":"String","physicalType":"String"},"sink":{"name":"Wheelbase","type":"Int32","physicalType":"int"}},{"source":{"name":"Length","type":"String","physicalType":"String"},"sink":{"name":"Length","type":"Int32","physicalType":"int"}}],"typeConversion":true,"typeConversionSettings":{"allowDataTruncation":true,"treatBooleanAsNumber":false}}},"inputs":[{"referenceName":"Cars","type":"DatasetReference","parameters":{}}],"outputs":[{"referenceName":"CarsSqlTable","type":"DatasetReference","parameters":{}}]}],"policy":{"elapsedTimeMetric":{}},"annotations":[],"lastPublishTime":"2024-09-21T09:57:22Z"},"dependsOn":["[concat(variables('factoryId'), '/datasets/Cars')]","[concat(variables('factoryId'), '/datasets/CarsSqlTable')]"]},{"name":"[concat(parameters('factoryName'), '/Cars')]","type":"Microsoft.DataFactory/factories/datasets","apiVersion":"2018-06-01","properties":{"linkedServiceName":{"referenceName":"[parameters('InputBlob')]","type":"LinkedServiceReference"},"annotations":[],"type":"DelimitedText","typeProperties":{"location":{"type":"AzureBlobStorageLocation","fileName":"cars.csv","container":"input"},"columnDelimiter":",","escapeChar":"\\","firstRowAsHeader":true,"quoteChar":"\""},"schema":[{"name":"Make","type":"String"},{"name":"Model","type":"String"},{"name":"Type","type":"String"},{"name":"Origin","type":"String"},{"name":"DriveTrain","type":"String"},{"name":"MSRP","type":"String"},{"name":"Invoice","type":"String"},{"name":"EngineSize","type":"String"},{"name":"Cylinders","type":"String"},{"name":"Horsepower","type":"String"},{"name":"MPG_City","type":"String"},{"name":"MPG_Highway","type":"String"},{"name":"Weight","type":"String"},{"name":"Wheelbase","type":"String"},{"name":"Length","type":"String"}]},"dependsOn":[]},{"name":"[concat(parameters('factoryName'), '/CarsSqlTable')]","type":"Microsoft.DataFactory/factories/datasets","apiVersion":"2018-06-01","properties":{"linkedServiceName":{"referenceName":"[parameters('AzureSqlOutputDB')]","type":"LinkedServiceReference"},"annotations":[],"type":"AzureSqlTable","schema":[{"name":"Make","type":"varchar"},{"name":"Model","type":"varchar"},{"name":"Type","type":"varchar"},{"name":"Origin","type":"varchar"},{"name":"DriveTrain","type":"varchar"},{"name":"MSRP","type":"decimal","precision":18,"scale":2},{"name":"Invoice","type":"int","precision":10},{"name":"EngineSize","type":"decimal","precision":4,"scale":1},{"name":"Cylinders","type":"decimal","precision":3,"scale":1},{"name":"Horsepower","type":"int","precision":10},{"name":"MPG_City","type":"decimal","precision":3,"scale":1},{"name":"MPG_Highway","type":"int","precision":10},{"name":"Weight","type":"int","precision":10},{"name":"Wheelbase","type":"int","precision":10},{"name":"Length","type":"int","precision":10}],"typeProperties":{"schema":"dbo","table":"Cars"}},"dependsOn":[]}]}