{"$schema":"http://schema.management.azure.com/schemas/2015-01-01/deploymentTemplate.json#","contentVersion":"1.0.0.0","parameters":{"factoryName":{"type":"string","metadata":"Data Factory name"},"InputBlob":{"type":"string"}},"variables":{"factoryId":"[concat('Microsoft.DataFactory/factories/', parameters('factoryName'))]"},"resources":[{"name":"[concat(parameters('factoryName'), '/Pivot Pipeline')]","type":"Microsoft.DataFactory/factories/pipelines","apiVersion":"2018-06-01","properties":{"activities":[{"name":"Pivot Transformation","type":"ExecuteDataFlow","dependsOn":[],"policy":{"timeout":"0.12:00:00","retry":0,"retryIntervalInSeconds":30,"secureOutput":false,"secureInput":false},"userProperties":[],"typeProperties":{"dataflow":{"referenceName":"Pivot Transformation","type":"DataFlowReference","parameters":{},"datasetParameters":{"Cars":{},"PivotSink":{}}},"staging":{},"compute":{"coreCount":8,"computeType":"General"},"traceLevel":"Fine"}}],"policy":{"elapsedTimeMetric":{}},"annotations":[],"lastPublishTime":"2024-09-21T09:57:22Z"},"dependsOn":["[concat(variables('factoryId'), '/dataflows/Pivot Transformation')]"]},{"name":"[concat(parameters('factoryName'), '/Pivot Transformation')]","type":"Microsoft.DataFactory/factories/dataflows","apiVersion":"2018-06-01","properties":{"type":"MappingDataFlow","typeProperties":{"sources":[{"dataset":{"referenceName":"Cars","type":"DatasetReference"},"name":"Cars"}],"sinks":[{"dataset":{"referenceName":"DelimitedText3","type":"DatasetReference"},"name":"PivotSink"}],"transformations":[{"name":"Pivot"},{"name":"NotHybrid"}],"scriptLines":["source(output(","          Make as string,","          Model as string,","          Type as string,","          Origin as string,","          DriveTrain as string,","          MSRP as integer,","          Invoice as string,","          EngineSize as string,","          Cylinders as string,","          Horsepower as string,","          MPG_City as string,","          MPG_Highway as string,","          Weight as string,","          Wheelbase as string,","          Length as string","     ),","     allowSchemaDrift: true,","     validateSchema: false,","     ignoreNoFilesFound: false) ~> Cars","NotHybrid pivot(groupBy(Make),","     pivotBy(Type),","     {} = avg(MSRP),","     columnNaming: '$N$V',","     lateral: false) ~> Pivot","Cars filter(notEquals(Type, \"Hybrid\")) ~> NotHybrid","Pivot sink(allowSchemaDrift: true,","     validateSchema: false,","     skipDuplicateMapInputs: true,","     skipDuplicateMapOutputs: true) ~> PivotSink"]}},"dependsOn":["[concat(variables('factoryId'), '/datasets/Cars')]","[concat(variables('factoryId'), '/datasets/DelimitedText3')]"]},{"name":"[concat(parameters('factoryName'), '/Cars')]","type":"Microsoft.DataFactory/factories/datasets","apiVersion":"2018-06-01","properties":{"linkedServiceName":{"referenceName":"[parameters('InputBlob')]","type":"LinkedServiceReference"},"annotations":[],"type":"DelimitedText","typeProperties":{"location":{"type":"AzureBlobStorageLocation","fileName":"cars.csv","container":"input"},"columnDelimiter":",","escapeChar":"\\","firstRowAsHeader":true,"quoteChar":"\""},"schema":[{"name":"Make","type":"String"},{"name":"Model","type":"String"},{"name":"Type","type":"String"},{"name":"Origin","type":"String"},{"name":"DriveTrain","type":"String"},{"name":"MSRP","type":"String"},{"name":"Invoice","type":"String"},{"name":"EngineSize","type":"String"},{"name":"Cylinders","type":"String"},{"name":"Horsepower","type":"String"},{"name":"MPG_City","type":"String"},{"name":"MPG_Highway","type":"String"},{"name":"Weight","type":"String"},{"name":"Wheelbase","type":"String"},{"name":"Length","type":"String"}]},"dependsOn":[]},{"name":"[concat(parameters('factoryName'), '/DelimitedText3')]","type":"Microsoft.DataFactory/factories/datasets","apiVersion":"2018-06-01","properties":{"linkedServiceName":{"referenceName":"[parameters('InputBlob')]","type":"LinkedServiceReference"},"annotations":[],"type":"DelimitedText","typeProperties":{"location":{"type":"AzureBlobStorageLocation","folderPath":"Pivot","container":"cars"},"columnDelimiter":",","escapeChar":"\\","firstRowAsHeader":true,"quoteChar":"\""},"schema":[]},"dependsOn":[]}]}