{"$schema":"http://schema.management.azure.com/schemas/2015-01-01/deploymentTemplate.json#","contentVersion":"1.0.0.0","parameters":{"factoryName":{"type":"string","metadata":"Data Factory name"},"InputBlob":{"type":"string"}},"variables":{"factoryId":"[concat('Microsoft.DataFactory/factories/', parameters('factoryName'))]"},"resources":[{"name":"[concat(parameters('factoryName'), '/Lookup Pipeline')]","type":"Microsoft.DataFactory/factories/pipelines","apiVersion":"2018-06-01","properties":{"activities":[{"name":"Lookup Transformation","type":"ExecuteDataFlow","dependsOn":[],"policy":{"timeout":"0.12:00:00","retry":0,"retryIntervalInSeconds":30,"secureOutput":false,"secureInput":false},"userProperties":[],"typeProperties":{"dataflow":{"referenceName":"Lookup Transformation","type":"DataFlowReference","parameters":{},"datasetParameters":{"Cars":{},"WindowsData":{},"sink1":{}}},"staging":{},"compute":{"coreCount":8,"computeType":"General"},"traceLevel":"Fine"}}],"policy":{"elapsedTimeMetric":{}},"annotations":[],"lastPublishTime":"2024-09-21T07:38:51Z"},"dependsOn":["[concat(variables('factoryId'), '/dataflows/Lookup Transformation')]"]},{"name":"[concat(parameters('factoryName'), '/Lookup Transformation')]","type":"Microsoft.DataFactory/factories/dataflows","apiVersion":"2018-06-01","properties":{"type":"MappingDataFlow","typeProperties":{"sources":[{"dataset":{"referenceName":"Cars","type":"DatasetReference"},"name":"Cars"},{"dataset":{"referenceName":"WindowDataset","type":"DatasetReference"},"name":"WindowsData"}],"sinks":[{"dataset":{"referenceName":"DelimitedText2","type":"DatasetReference"},"name":"sink1"}],"transformations":[{"name":"SelectColumns"},{"name":"lookup1"}],"scriptLines":["source(output(","          Make as string,","          Model as string,","          Type as string,","          Origin as string,","          DriveTrain as string,","          MSRP as string,","          Invoice as string,","          EngineSize as string,","          Cylinders as string,","          Horsepower as string,","          MPG_City as string,","          MPG_Highway as string,","          Weight as string,","          Wheelbase as string,","          Length as string","     ),","     allowSchemaDrift: true,","     validateSchema: false,","     ignoreNoFilesFound: false) ~> Cars","source(output(","          Make as string,","          Model as string,","          Type as string,","          MSRP as string,","          Invoice as string,","          EngineSize as string,","          Horsepower as string,","          MPG_City as string,","          MPG_Highway as string,","          Weight as string,","          Rank_MPG as string,","          Ntile_MPG as string,","          CumDist_MPG as string","     ),","     allowSchemaDrift: true,","     validateSchema: false,","     ignoreNoFilesFound: false) ~> WindowsData","Cars select(mapColumn(","          Make,","          Model,","          Type,","          Origin,","          DriveTrain,","          MSRP,","          Invoice,","          Cylinders,","          Horsepower,","          Weight,","          Wheelbase","     ),","     skipDuplicateMapInputs: true,","     skipDuplicateMapOutputs: true) ~> SelectColumns","SelectColumns, WindowsData lookup(SelectColumns@Invoice == WindowsData@Invoice,","     multiple: false,","     pickup: 'any',","     broadcast: 'auto')~> lookup1","lookup1 sink(allowSchemaDrift: true,","     validateSchema: false,","     skipDuplicateMapInputs: true,","     skipDuplicateMapOutputs: true) ~> sink1"]}},"dependsOn":["[concat(variables('factoryId'), '/datasets/Cars')]","[concat(variables('factoryId'), '/datasets/WindowDataset')]","[concat(variables('factoryId'), '/datasets/DelimitedText2')]"]},{"name":"[concat(parameters('factoryName'), '/Cars')]","type":"Microsoft.DataFactory/factories/datasets","apiVersion":"2018-06-01","properties":{"linkedServiceName":{"referenceName":"[parameters('InputBlob')]","type":"LinkedServiceReference"},"annotations":[],"type":"DelimitedText","typeProperties":{"location":{"type":"AzureBlobStorageLocation","fileName":"cars.csv","container":"input"},"columnDelimiter":",","escapeChar":"\\","firstRowAsHeader":true,"quoteChar":"\""},"schema":[{"name":"Make","type":"String"},{"name":"Model","type":"String"},{"name":"Type","type":"String"},{"name":"Origin","type":"String"},{"name":"DriveTrain","type":"String"},{"name":"MSRP","type":"String"},{"name":"Invoice","type":"String"},{"name":"EngineSize","type":"String"},{"name":"Cylinders","type":"String"},{"name":"Horsepower","type":"String"},{"name":"MPG_City","type":"String"},{"name":"MPG_Highway","type":"String"},{"name":"Weight","type":"String"},{"name":"Wheelbase","type":"String"},{"name":"Length","type":"String"}]},"dependsOn":[]},{"name":"[concat(parameters('factoryName'), '/WindowDataset')]","type":"Microsoft.DataFactory/factories/datasets","apiVersion":"2018-06-01","properties":{"linkedServiceName":{"referenceName":"[parameters('InputBlob')]","type":"LinkedServiceReference"},"annotations":[],"type":"DelimitedText","typeProperties":{"location":{"type":"AzureBlobStorageLocation","fileName":"part-00000-fe49c70a-a7f6-4f87-8800-9b10386aadea-c000.csv","folderPath":"WindowFunction","container":"cars"},"columnDelimiter":",","escapeChar":"\\","firstRowAsHeader":true,"quoteChar":"\""},"schema":[{"name":"Make","type":"String"},{"name":"Model","type":"String"},{"name":"Type","type":"String"},{"name":"MSRP","type":"String"},{"name":"Invoice","type":"String"},{"name":"EngineSize","type":"String"},{"name":"Horsepower","type":"String"},{"name":"MPG_City","type":"String"},{"name":"MPG_Highway","type":"String"},{"name":"Weight","type":"String"},{"name":"Rank_MPG","type":"String"},{"name":"Ntile_MPG","type":"String"},{"name":"CumDist_MPG","type":"String"}]},"dependsOn":[]},{"name":"[concat(parameters('factoryName'), '/DelimitedText2')]","type":"Microsoft.DataFactory/factories/datasets","apiVersion":"2018-06-01","properties":{"linkedServiceName":{"referenceName":"[parameters('InputBlob')]","type":"LinkedServiceReference"},"annotations":[],"type":"DelimitedText","typeProperties":{"location":{"type":"AzureBlobStorageLocation","folderPath":"Lookup","container":"cars"},"columnDelimiter":",","escapeChar":"\\","firstRowAsHeader":true,"quoteChar":"\""},"schema":[]},"dependsOn":[]}]}