{"$schema":"http://schema.management.azure.com/schemas/2015-01-01/deploymentTemplate.json#","contentVersion":"1.0.0.0","parameters":{"factoryName":{"type":"string","metadata":"Data Factory name"},"AzureSqlDatabase":{"type":"string"},"AzureBlobStorage":{"type":"string"}},"variables":{"factoryId":"[concat('Microsoft.DataFactory/factories/', parameters('factoryName'))]"},"resources":[{"name":"[concat(parameters('factoryName'), '/Bulk Copy Taxi Data')]","type":"Microsoft.DataFactory/factories/pipelines","apiVersion":"2018-06-01","properties":{"activities":[{"name":"ListRatecodeID","type":"Lookup","dependsOn":[],"policy":{"timeout":"0.12:00:00","retry":0,"retryIntervalInSeconds":30,"secureOutput":false,"secureInput":false},"userProperties":[],"typeProperties":{"source":{"type":"AzureSqlSource","sqlReaderQuery":"select DISTINCT RatecodeID from [dbo].[taxidata]\nwhere RatecodeID is not null and RatecodeID not in (6, 99)","queryTimeout":"02:00:00","partitionOption":"None"},"dataset":{"referenceName":"TaxiSQLTable","type":"DatasetReference","parameters":{}},"firstRowOnly":false}},{"name":"For Each Table","type":"ForEach","dependsOn":[{"activity":"ListRatecodeID","dependencyConditions":["Succeeded"]}],"userProperties":[],"typeProperties":{"items":{"value":"@activity('ListRatecodeID').output.value","type":"Expression"},"activities":[{"name":"Create Table","type":"Copy","dependsOn":[],"policy":{"timeout":"0.12:00:00","retry":0,"retryIntervalInSeconds":30,"secureOutput":false,"secureInput":false},"userProperties":[],"typeProperties":{"source":{"type":"AzureSqlSource","sqlReaderQuery":{"value":"select * from taxidata \nwhere RatecodeID = @{item().RatecodeID}","type":"Expression"},"queryTimeout":"02:00:00","partitionOption":"None"},"sink":{"type":"AzureSqlSink","writeBehavior":"insert","sqlWriterUseTableLock":false},"enableStaging":false,"translator":{"type":"TabularTranslator","typeConversion":true,"typeConversionSettings":{"allowDataTruncation":true,"treatBooleanAsNumber":false}}},"inputs":[{"referenceName":"TaxiSQLTable","type":"DatasetReference","parameters":{}}],"outputs":[{"referenceName":"Ratecode","type":"DatasetReference","parameters":{"FileName":{"value":"@concat('ratecode',item().RatecodeID)","type":"Expression"}}}]}]}},{"name":"ForEachBulkCopy","type":"ForEach","dependsOn":[{"activity":"For Each Table","dependencyConditions":["Succeeded"]}],"userProperties":[],"typeProperties":{"items":{"value":"@activity('ListRatecodeID').output.value","type":"Expression"},"activities":[{"name":"Copy data1","type":"Copy","dependsOn":[],"policy":{"timeout":"0.12:00:00","retry":0,"retryIntervalInSeconds":30,"secureOutput":false,"secureInput":false},"userProperties":[],"typeProperties":{"source":{"type":"AzureSqlSource","queryTimeout":"02:00:00","partitionOption":"None"},"sink":{"type":"DelimitedTextSink","storeSettings":{"type":"AzureBlobStorageWriteSettings"},"formatSettings":{"type":"DelimitedTextWriteSettings","quoteAllText":true,"fileExtension":".txt"}},"enableStaging":false,"translator":{"type":"TabularTranslator","typeConversion":true,"typeConversionSettings":{"allowDataTruncation":true,"treatBooleanAsNumber":false}}},"inputs":[{"referenceName":"Ratecode","type":"DatasetReference","parameters":{"FileName":{"value":"@concat('ratecode',item().RatecodeID)","type":"Expression"}}}],"outputs":[{"referenceName":"RatecodeBlob","type":"DatasetReference","parameters":{"FileName":{"value":"@concat('ratecode',item().RatecodeID,'.csv')","type":"Expression"}}}]}]}}],"policy":{"elapsedTimeMetric":{}},"annotations":[],"lastPublishTime":"2024-09-23T09:22:29Z"},"dependsOn":["[concat(variables('factoryId'), '/datasets/TaxiSQLTable')]","[concat(variables('factoryId'), '/datasets/Ratecode')]","[concat(variables('factoryId'), '/datasets/RatecodeBlob')]"]},{"name":"[concat(parameters('factoryName'), '/TaxiSQLTable')]","type":"Microsoft.DataFactory/factories/datasets","apiVersion":"2018-06-01","properties":{"linkedServiceName":{"referenceName":"[parameters('AzureSqlDatabase')]","type":"LinkedServiceReference"},"annotations":[],"type":"AzureSqlTable","schema":[{"name":"VendorID","type":"int","precision":10},{"name":"lpep_pickup_datetime","type":"datetime","precision":23,"scale":3},{"name":"lpep_dropoff_datetime","type":"datetime","precision":23,"scale":3},{"name":"store_and_fwd_flag","type":"char"},{"name":"RatecodeID","type":"int","precision":10},{"name":"PULocationID","type":"int","precision":10},{"name":"DOLocationID","type":"int","precision":10},{"name":"passenger_count","type":"int","precision":10},{"name":"trip_distance","type":"float","precision":15},{"name":"fare_amount","type":"float","precision":15},{"name":"extra","type":"float","precision":15},{"name":"mta_tax","type":"float","precision":15},{"name":"tip_amount","type":"float","precision":15},{"name":"tolls_amount","type":"float","precision":15},{"name":"ehail_fee","type":"float","precision":15},{"name":"improvement_surcharge","type":"float","precision":15},{"name":"total_amount","type":"float","precision":15},{"name":"payment_type","type":"int","precision":10},{"name":"trip_type","type":"int","precision":10},{"name":"congestion_surcharge","type":"float","precision":15}],"typeProperties":{"schema":"dbo","table":"taxidata"}},"dependsOn":[]},{"name":"[concat(parameters('factoryName'), '/Ratecode')]","type":"Microsoft.DataFactory/factories/datasets","apiVersion":"2018-06-01","properties":{"linkedServiceName":{"referenceName":"[parameters('AzureSqlDatabase')]","type":"LinkedServiceReference"},"parameters":{"FileName":{"type":"string"}},"annotations":[],"type":"AzureSqlTable","schema":[{"name":"VendorID","type":"int","precision":10},{"name":"lpep_pickup_datetime","type":"datetime","precision":23,"scale":3},{"name":"lpep_dropoff_datetime","type":"datetime","precision":23,"scale":3},{"name":"store_and_fwd_flag","type":"char"},{"name":"RatecodeID","type":"int","precision":10},{"name":"PULocationID","type":"int","precision":10},{"name":"DOLocationID","type":"int","precision":10},{"name":"passenger_count","type":"int","precision":10},{"name":"trip_distance","type":"float","precision":15},{"name":"fare_amount","type":"float","precision":15},{"name":"extra","type":"float","precision":15},{"name":"mta_tax","type":"float","precision":15},{"name":"tip_amount","type":"float","precision":15},{"name":"tolls_amount","type":"float","precision":15},{"name":"ehail_fee","type":"float","precision":15},{"name":"improvement_surcharge","type":"float","precision":15},{"name":"total_amount","type":"float","precision":15},{"name":"payment_type","type":"int","precision":10},{"name":"trip_type","type":"int","precision":10},{"name":"congestion_surcharge","type":"float","precision":15}],"typeProperties":{"schema":"dbo","table":{"value":"@dataset().FileName","type":"Expression"}}},"dependsOn":[]},{"name":"[concat(parameters('factoryName'), '/RatecodeBlob')]","type":"Microsoft.DataFactory/factories/datasets","apiVersion":"2018-06-01","properties":{"linkedServiceName":{"referenceName":"[parameters('AzureBlobStorage')]","type":"LinkedServiceReference"},"parameters":{"FileName":{"type":"string"}},"annotations":[],"type":"DelimitedText","typeProperties":{"location":{"type":"AzureBlobStorageLocation","fileName":{"value":"@dataset().FileName","type":"Expression"},"container":"output"},"columnDelimiter":",","escapeChar":"\\","firstRowAsHeader":true,"quoteChar":"\""},"schema":[{"name":"Make","type":"String"},{"name":"Model","type":"String"},{"name":"Type","type":"String"},{"name":"Origin","type":"String"},{"name":"DriveTrain","type":"String"},{"name":"MSRP","type":"String"},{"name":"Invoice","type":"String"},{"name":"EngineSize","type":"String"},{"name":"Cylinders","type":"String"},{"name":"Horsepower","type":"String"},{"name":"MPG_City","type":"String"},{"name":"MPG_Highway","type":"String"},{"name":"Weight","type":"String"},{"name":"Wheelbase","type":"String"},{"name":"Length","type":"String"}]},"dependsOn":[]}]}