YEAR,MONTH,SALES
2003,2,2871
2003,5,2765.9
2003,7,3884.34
2003,8,3746.7
2003,10,5205.27
2003,10,3479.76
2003,11,2497.77
2003,11,5512.32
2003,12,2168.54
2004,1,4708.44
2004,2,3965.66
2004,4,2333.12
2004,5,3188.64
2004,6,3676.76
2004,7,4177.35
2004,8,4099.68
2004,9,2597.39
2004,10,4394.38
2004,11,4358.04
2004,11,4396.14
2004,11,7737.93
2004,12,1451
2005,2,733.11
2005,3,3207.12
2005,4,2434.56
2005,5,7516.08
2003,1,5404.62
2003,3,7209.11
2003,5,7329.06
2003,7,7374.1
2003,9,10993.5
2003,10,4860.24
2003,11,8014.82
2003,11,5372.57
2003,11,7290.36
2003,12,9064.89
2004,1,6075.3
2004,3,6463.23
2004,5,6120.34
2004,6,7680.64
2004,7,4905.39
2004,8,8014.82
2004,9,7136.19
2004,10,10172.7
2004,10,11623.7
2004,11,6000.4
2004,11,3003
2004,11,3944.7
2004,12,5691.84
2005,1,4514.92
2005,2,8254.8
2005,3,2416.56
2005,5,4140.23
2005,5,12001
2003,2,3896.49
2003,4,2793.86
2003,7,3307.77
2003,8,5192.95
2003,10,5016.83
2003,10,3660.93
2003,11,4695.6
2003,11,3660.92
2003,12,3025.92
2004,1,3009.09
2004,2,5422.39
2004,4,2852.08
2004,5,5756.52
2004,6,4472
2004,7,2904.44
2004,8,6484.59
2004,9,3757.26
2004,10,4043.96
2004,11,5566.5
2004,11,3176
2004,11,2756.8
2004,12,1329.9
2005,2,5288.01
2005,3,2225.5
2005,4,5833.8
2005,5,5887.35
2003,2,6065.55
2003,4,9264.86
2003,7,7023.98
2003,8,5176.38
2003,10,4132.7
2003,10,4183
2003,11,8892.9
2003,11,8714.7
2003,12,8065.89
2004,1,6123.4
2004,2,9774.03
2004,4,7023.9
2004,5,7078.23
2004,6,8336.94
2004,7,6901.92
2004,8,5438.07
2004,9,6683.34
2004,10,4570.4
2004,11,7667.14
2004,11,5868.2
2004,11,2990.13
2005,1,3664.1
2005,2,3834.38
2005,3,1822.17
2005,4,11886.6
2005,5,9218.16
2003,2,7208
2003,4,5004.8
2003,6,4398.24
2003,8,5597.76
2003,10,4526.08
2003,10,5924.16
2003,11,3492.48
2003,11,3854.24
2003,11,5324.4
2004,1,5197.92
2004,2,5997.6
2004,5,2910.4
2004,6,3378.24
2004,7,3508.8
2004,8,2992
2004,9,3427.2
2004,10,2692.8
2004,11,4128.96
2004,11,3051.71
2004,11,1201.25
2004,12,1962.22
2004,12,2624.64
2005,1,4046.25
2005,2,4846.7
2005,3,3370.56
2005,4,9661.44
2005,5,2764.88
2003,1,5398.26
2003,4,4305.28
2003,5,3347.74
2003,7,3188.12
2003,9,3191.2
2003,10,3536.82
2003,11,5362.83
2003,11,3433.36
2003,11,4263.74
2003,12,4076.19
2004,2,7020.48
2004,3,6426.5
2004,5,4591.72
2004,6,4033.38
2004,7,4302.08
2004,8,7020.64
2004,9,3855.9
2004,10,6680.78
2004,10,6678
2004,11,2851.54
2004,11,3188.12
2004,11,4428
2004,12,5780.92
2005,1,2297.05
2005,2,6231.54
2005,3,1735.3
2005,5,4427.73
2005,5,5894.94
2003,3,5265.15
2003,5,7599.9
2003,7,8008.56
2003,9,9245.76
2003,10,8296.35
2003,11,5019.9
2003,11,5411.07
2003,11,3840.9
2003,12,3930.4
2004,1,7498.9
2004,2,4517.91
2004,4,5774.72
2004,6,3922.56
2004,7,9160.36
2004,8,9631
2004,8,3432.24
2003,10,5521.89
2004,10,6934.62
2004,11,6876.11
2004,11,2930.27
2004,11,3584.25
2005,1,2817.87
2005,2,3420
2005,3,2575.04
2005,5,1961.28
2003,2,8690.36
2003,4,6034.38
2003,6,11279.2
2003,8,8023.29
2003,9,4904
2003,10,8594.52
2003,11,7474.5
2003,11,3883.74
2003,11,8887.7
2004,1,8602.92
2004,2,7181.44
2004,3,8378.58
2004,5,10606.2
2004,7,5818.4
2004,8,7071.27
2004,9,8411.56
2004,10,6570.76
2004,10,7975.44
2004,11,2688
2004,11,1888.26
2004,11,2513.28
2004,12,4764.48
2005,1,3560.64
2005,2,3823.64
2005,3,2280.96
2005,5,8677.8
2003,1,3394.98
2003,3,3415.44
2003,5,2439.57
2003,7,4829.8
2003,9,4100.1
2003,10,6563.06
2003,11,6817.22
2003,11,6163.94
2003,11,4933.92
2003,12,4056.36
2004,2,5759.42
2004,3,3451
2004,5,5920.4
2004,6,6668.24
2004,7,4094.72
2004,8,2938.5
2004,9,6387.8
2004,10,6396
2004,10,2669.1
2004,11,4784.13
2004,11,3273.93
2004,11,3586.43
2004,12,5960.36
2005,1,8470.14
2005,2,2952
2005,3,2464.8
2005,5,6232
2005,5,7969.36
2003,2,3036.6
2003,5,8284
2003,7,2711.2
2003,8,8339.8
2003,10,6238.84
2003,11,4639.25
2003,11,6747.6
2003,11,4512.48
2003,12,4029
2004,1,4771.8
2004,2,6087.94
2004,4,4193.28
2004,5,7552.28
2004,6,6434.4
2004,8,5181.5
2004,8,6863.92
2004,9,4157.04
2004,10,4660.24
2004,11,4111.8
2004,11,3542.64
2004,11,8118.55
2005,1,3877.06
2005,2,3867.08
2005,3,5951.44
2005,4,8648.64
2005,5,3447.78
2003,1,5958.5
2003,4,5911.64
2003,6,7366.44
2003,8,4985.64
2003,9,5393.64
2003,10,4880.02
2003,11,8378.69
2003,11,4038.21
2003,11,3807.12
2004,1,3142.36
2004,2,4713.6
2004,3,7016.31
2004,5,4381.25
2004,7,4283.01
2004,8,4364.82
2004,9,4242.24
2004,10,4982.7
2004,10,6393.54
2004,11,1466.91
2004,11,4059.33
2004,11,4801.52
2004,12,2711.66
2005,1,5862
2005,2,4071.85
2005,5,8236.75
2003,3,6130.35
2003,5,3693.34
2003,7,6031.68
2003,9,3494.94
2003,10,5294.14
2003,11,5464.69
2003,11,2860.76
2003,11,5590
2003,12,2254.8
2004,1,4946.76
2004,2,2495.5
2004,4,3167.38
2004,6,2402.84
2004,7,2454.54
2004,8,5464.69
2004,8,4756.5
2003,10,3984.6
2004,10,3100.32
2004,11,4850.3
2004,11,3846.98
2004,11,4220.92
2005,1,3288.82
2005,2,3987.2
2005,3,1809.5
2005,5,1092.2
2003,2,4566.05
2003,4,5938.14
2003,6,8138.76
2003,8,9470.94
2003,9,7036.89
2003,10,5559.03
2003,11,7872.5
2003,11,7886.2
2003,11,7232.16
2004,1,3114.4
2004,2,5045.22
2004,3,6952.12
2004,5,4157.73
2004,7,7962.24
2004,8,3778.8
2004,9,8253
2004,10,3633.4
2004,10,6913.8
2004,11,2583.6
2004,11,3105.62
2004,12,4408.56
2004,12,3042.41
2005,1,5941.5
2005,2,3241.9
2005,3,6109.29
2005,5,3387.78
2003,3,3485.82
2003,5,2042.88
2003,7,1800.24
2003,9,1340.64
2003,10,1762.08
2003,11,2298.24
2003,11,1628
2003,11,1939.2
2003,12,3651.56
2004,1,2591.96
2004,2,2864.17
2004,4,1484.2
2004,6,2254.25
2004,7,2681.35
2004,8,3184.02
2004,8,2846.63
2003,10,1685.42
2004,10,3988.6
2004,11,2789.96
2004,11,3607.56
2004,11,3368.16
2005,1,2775.08
2005,2,1627.92
2005,3,2529.36
2005,5,3065.78
2003,1,4615.78
2003,4,5723.78
2003,6,2559.6
2003,8,2140.11
2003,9,3327.6
2003,10,6825.6
2003,11,3543.28
2003,11,4516.22
2003,11,6445.46
2003,12,3384.36
2004,2,4891.68
2004,3,4521.96
2004,5,5069.66
2004,6,6541.2
2004,7,3012.27
2004,8,5247.18
2004,9,2214.87
2004,10,4773.18
2004,10,6185.7
2004,11,1517.88
2004,11,6372.6
2004,12,5232.96
2004,12,2694.72
2005,1,1749.79
2005,2,2130.56
2005,5,5951.34
2005,5,4692.6
2003,3,3731.04
2003,5,2142
2003,7,2838.81
2003,9,3230.37
2003,10,5182
2003,11,4391.1
2003,11,4477.32
2003,11,3544.56
2003,12,5195.85
2004,1,4180.44
2004,2,2684.43
2004,4,1958.88
2004,6,4910.57
2004,7,4468.4
2004,8,3127.88
2004,8,2675.13
2003,10,2807.61
2004,10,2504.75
2004,11,2984.88
2004,11,2524.86
2004,11,4136
2005,1,4068.7
2005,2,5182
2005,3,5243.79
2005,4,9048.16
2005,5,3832.64
2003,1,3920
2003,3,4916.66
2003,5,3857
2003,7,4181.44
2003,9,4641
2003,10,3570.12
2003,11,4480.32
2003,11,2033.64
2003,11,1960.14
2003,12,3966.78
2004,1,5152
2004,3,3360
2004,5,3451
2004,6,5453
2004,7,4164.12
2004,8,2800.08
2004,9,4687.94
2004,10,4508
2004,10,4181.44
2004,11,2251.04
2004,11,1167.25
2004,11,2083.2
2004,12,3822
2005,1,3911.49
2005,2,4704
2005,3,2467.9
2005,5,3213
2005,5,7182
2003,3,4379.18
2003,5,5004.8
2003,7,3644.75
2003,9,2702.04
2003,10,3764.88
2003,11,4508
2003,11,5418.16
2003,11,3300.66
2003,12,6182.4
2004,1,4186.73
2004,2,4529.28
2004,4,5628.89
2004,6,3054.48
2004,7,2526.51
2004,8,4667.86
2004,8,6499.32
2003,10,5917.78
2004,10,6231.91
2004,11,5803.14
2004,11,6434.02
2004,11,6454.4
2004,12,4196.8
2005,1,2611.8
2005,2,5895.05
2005,3,3375.72
2005,4,8374.69
2005,5,4464.24
2003,1,4808.31
2003,3,3288.78
2003,5,3254.72
2003,7,3184.94
2003,9,5907.5
2003,10,4389.12
2003,11,5036.16
2003,11,2183.25
2003,11,3106.88
2003,12,3735.72
2004,1,2413.26
2004,3,2953.75
2004,4,4684.8
2004,6,3248.7
2004,8,5239.5
2004,9,4567.98
2004,10,3535.35
2004,10,3843.34
2004,11,3710.9
2004,11,4375.98
2004,11,1516.62
2004,12,2509
2005,1,9240.44
2005,2,2515.32
2005,3,5548.9
2005,5,4873.05
2003,1,2055.74
2003,3,2354.88
2003,5,2309.58
2003,7,2113.37
2003,9,1746.6
2003,10,2304.45
2003,11,2122.08
2003,11,1742.4
2003,11,2455.02
2003,12,3053.28
2004,1,1423.29
2004,3,1504.12
2004,4,1164.4
2004,6,1500.75
2004,8,1557.36
2004,9,1345.68
2004,10,1795.24
2004,10,1105.25
2004,11,2364.88
2004,11,2427.03
2004,11,1237.95
2004,12,1593.02
2005,1,3156.16
2005,2,1320.75
2005,3,4998
2005,5,1293.75
2003,3,5433.08
2003,5,3073.72
2003,7,4380.2
2003,9,5848.68
2003,10,6153.73
2003,11,4965.24
2003,11,5435.64
2003,11,4258.36
2003,12,4032
2004,1,4492.36
2004,2,4161.38
2004,4,2508.66
2004,6,3374.88
2004,7,5196.6
2004,8,2604.52
2004,9,2936.8
2003,10,3424.64
2004,10,2923.2
2004,11,4489.76
2004,11,4849.24
2004,11,5848.92
2005,1,2758.7
2005,2,1449.76
2005,4,7048.14
2005,5,5202.94
2003,2,5279.4
2003,4,6916.12
2003,6,2781.66
2003,8,5248
2003,10,6531.44
2003,10,5763.72
2003,11,6490.68
2003,11,6004.8
2003,11,7483.98
2004,1,5719.5
2004,2,6954.08
2004,5,8160.3
2004,6,6567.96
2004,7,6724
2004,8,5747.85
2004,9,5676.84
2004,10,7379.97
2004,11,3704.13
2004,11,2804.75
2004,11,5624.79
2004,12,3881.28
2005,1,1611.4
2005,3,1364.25
2005,3,4215.09
2005,4,6433.82
2005,5,4352.16
2003,1,5151
2003,3,6069
2003,5,2856
2003,9,5375.4
2003,10,5176.5
2003,11,3508.8
2003,11,7554.8
2003,11,3141.6
2003,12,5890.5
2004,1,5967
2004,3,3712.8
2004,4,7597.3
2004,8,3668.6
2004,9,5875.2
2003,10,7310
2004,10,8078.4
2004,11,3257.76
2004,11,7650
2005,1,4703.81
2005,2,5399.55
2005,4,14082.8
2005,5,5283.6
2003,3,3130.82
2003,5,3112.34
2003,7,3806.88
2003,9,2142.14
2003,10,3364.9
2003,11,1262.8
2003,11,1626.24
2003,11,4088.7
2003,12,3846.15
2004,1,1339.8
2004,2,3039.96
2004,4,3400.32
2004,6,1930.39
2004,7,2464.77
2004,8,2634.94
2004,8,3625.16
2003,10,3788.4
2004,10,1832.6
2004,11,2905.98
2004,11,2954.81
2004,11,3599.75
2005,1,3686.54
2005,2,2100.56
2005,3,3881.78
2005,4,4509.12
2005,5,3273.27
2003,3,4432.7
2003,5,4100.99
2003,7,5274.72
2003,9,4232
2003,10,6145.44
2003,11,4680.2
2003,11,3286.08
2003,11,7421.3
2003,12,6432.64
2004,1,4840.87
2004,2,3892.08
2004,4,5526.32
2004,6,4459.62
2004,7,6203.4
2004,8,3754.05
2004,8,3516.48
2003,10,7488.04
2004,10,3448.08
2004,11,3734
2004,11,974.1
2004,11,3160.74
2004,12,1746.63
2005,1,4207.84
2005,2,4352.76
2005,3,1463.7
2005,4,7169.28
2005,5,4594.76
2003,1,3457.92
2003,4,7381.16
2003,6,7146.9
2003,8,5938.53
2003,9,7110.91
2003,10,5032.95
2003,11,3667.6
2003,11,7381.16
2003,11,5128.11
2003,12,7060.24
2004,2,8448.64
2004,3,7300.51
2004,5,6549.2
2004,6,5697.9
2004,7,9169
2004,8,3238.63
2004,9,4554.94
2004,10,3934.44
2004,10,5776.26
2004,11,7207.45
2004,11,7460.74
2004,12,6719.54
2004,12,2428
2005,1,2602.25
2005,2,2200
2005,5,6712.93
2005,5,5318.04
2003,1,3390
2003,3,1608
2003,5,2262.96
2003,9,1496.64
2003,10,1879.74
2003,11,1495.26
2003,11,2323.7
2003,11,2491.86
2003,12,1643.12
2004,1,1322.16
2004,3,1423.8
2004,4,2397.45
2004,8,1574
2004,9,1729
2004,10,2255.84
2004,10,1834.5
2004,11,3201.5
2004,11,2276.4
2005,1,8884.8
2005,2,1331.1
2005,4,3051.3
2005,5,2288.52
2003,1,3772.61
2003,4,4164.42
2003,6,6295.95
2003,8,6287.66
2003,9,5412.54
2003,10,5984.14
2003,11,5891.04
2003,11,5984.14
2003,11,3608.15
2003,12,5752.54
2004,3,3765.32
2004,5,2159.96
2004,6,3379.94
2004,7,5093.5
2004,8,5773.44
2004,9,4528.86
2004,10,4816.08
2004,10,3416.78
2004,11,1236.84
2004,11,5814.86
2004,12,5223.48
2004,12,728.4
2005,1,3949
2005,2,3843.99
2005,5,5498.08
2005,5,3777.58
2003,1,3782
2003,3,3859.68
2003,5,4431.84
2003,9,4950.33
2003,10,4299.7
2003,11,4492.83
2003,11,2212
2003,11,4642.88
2003,12,3206.32
2004,1,3604.23
2004,3,7017.76
2004,4,6154.18
2004,8,4750.8
2004,9,3822.92
2004,10,2440.8
2004,10,4729.36
2004,11,12536.5
2004,11,2264.15
2004,11,3928.2
2004,12,3630.22
2005,1,4196.07
2005,2,4931.6
2005,3,3068.69
2005,4,785.64
2005,5,4977
2003,1,1189.98
2003,4,3090.15
2003,5,2795.86
2003,7,2851.54
2003,9,2701.92
2003,10,2204.1
2003,11,2840.48
2003,11,2647.04
2003,11,3172.05
2003,12,2585.93
2004,2,2148.3
2004,3,1667.4
2004,5,1859.7
2004,6,1476.6
2004,7,1732
2004,8,1674.17
2004,9,1500.98
2004,10,2192.68
2004,10,1797.58
2004,11,2142.35
2004,11,2086.92
2004,11,6834.5
2004,12,2541.59
2005,1,2130.92
2005,2,1701.7
2005,3,1694
2005,5,2913.53
2005,5,935.18
2003,2,3073.26
2003,4,2082.49
2003,6,3394.23
2003,8,2559.6
2003,10,1490.16
2004,1,3844
2004,2,4724.91
2004,4,1824.72
2004,5,2668.68
2004,6,2843.61
2004,7,3163.65
2004,8,2226.11
2004,9,2069.75
2004,10,2235.33
2004,11,3116.43
2004,11,4781.7
2004,11,2810.7
2004,12,3515.67
2005,2,2909.34
2005,3,1570.17
2005,3,2613.92
2005,4,3193.26
2005,5,1482.6
2003,2,2055.23
2003,4,2674.9
2003,7,1853.4
2003,8,1490.1
2003,10,2162.16
2003,10,2814.28
2003,11,1605
2003,11,2093.44
2003,12,1944.3
2004,1,1986.8
2004,2,1695.96
2004,4,1281.56
2004,5,1774.22
2004,6,1997.5
2004,7,2353.2
2004,8,981.2
2004,9,1550.72
2004,10,1771.06
2004,11,2213.4
2004,11,5266.04
2004,11,1864.8
2005,1,1142.41
2005,2,1172.6
2005,3,6981
2005,4,3064.6
2005,5,2202.48
2003,1,3773.38
2003,3,5074.39
2003,5,6483.46
2003,7,7956.46
2003,9,4230.62
2003,10,7209.12
2003,11,3452.68
2003,11,3047.73
2003,11,3675.32
2003,12,7492.4
2004,1,9534.5
2004,3,5579.02
2004,4,5950.34
2004,6,3726
2004,8,4455
2004,9,8272.34
2004,10,3577.6
2004,10,3881.25
2004,11,5797.44
2004,11,1264.08
2004,11,4815.3
2004,12,4462.2
2005,1,3033.28
2005,2,990.78
2005,3,2030.86
2005,5,5433.75
2003,3,3157.44
2003,5,5161.2
2003,7,4346.76
2003,9,3528.36
2003,10,3187.8
2003,11,6023.16
2003,11,3884.76
2003,11,4965.84
2003,12,4169.88
2004,1,4910.4
2004,2,3231.36
2004,4,6853.44
2004,6,5177.04
2004,7,2824.8
2004,8,4324.32
2004,8,5052.96
2003,10,3223.44
2004,10,5278.68
2004,11,2851.2
2004,11,1687.4
2004,11,1308
2005,1,6144.6
2005,2,5127.2
2005,4,6386.16
2005,5,7695.6
2003,1,2242.89
2003,3,2539.89
2003,5,2795.27
2003,7,5545.76
2003,9,4285.46
2003,10,3329.09
2003,11,5592.22
2003,11,3298.55
2003,11,2609.88
2003,12,3336.29
2004,1,5510.05
2004,3,2504.4
2004,4,3525.6
2004,6,4407
2004,7,2983.44
2004,8,5126.24
2004,9,5713.79
2004,10,4613.8
2004,10,3711.1
2004,11,3524.73
2004,11,2795.27
2004,11,4814.4
2004,12,3572.33
2005,1,4581.36
2005,2,4319.76
2005,3,1448
2005,5,881.4
2003,1,2011.1
2003,3,1801.24
2003,5,3390.2
2003,7,1424
2003,9,1499.1
2003,10,3358.08
2003,11,1504.16
2003,11,2655.12
2003,11,1244.16
2003,12,1888.88
2004,1,1820.01
2004,3,2866.95
2004,4,1394.16
2004,6,2632.28
2004,7,2018.56
2004,8,2954.53
2004,9,1871.83
2004,10,1559.04
2004,10,1880.2
2004,11,1224.67
2004,11,2979.08
2004,11,2208.64
2004,12,3458.42
2005,1,1237.88
2005,2,2723.2
2005,3,2218.52
2005,5,1665.32
2003,2,3421.04
2003,4,1878.66
2003,6,3853.6
2003,8,3442.64
2003,10,3482.16
2003,10,3363.52
2003,11,3350.52
2003,11,2862.72
2003,11,4036.04
2004,1,2817.92
2004,2,4636.38
2004,5,1553.58
2004,6,2697.6
2004,7,3334.04
2004,8,2059.26
2004,9,2023.14
2004,10,2586.64
2004,11,1987.02
2004,11,1146.5
2004,11,2312.24
2004,12,2793.71
2005,1,1908.28
2005,3,3441.37
2005,3,2023.28
2005,4,2245.2
2005,5,3255.12
2003,1,2539.5
2003,3,4818.15
2003,5,2921.7
2003,7,1801.2
2003,9,2804.36
2003,10,4900.8
2003,11,2759.31
2003,11,2488.2
2003,11,2769.89
2003,12,3581.4
2004,1,5285.14
2004,3,3181.53
2004,4,3340.51
2004,6,3138.34
2004,7,4775.08
2004,8,3006.43
2004,9,2866.26
2004,10,2232.62
2004,10,4457.02
2004,11,2257.92
2004,11,1592
2004,11,4948.2
2004,12,5160.76
2005,1,1978.62
2005,2,4288.2
2005,3,2520.68
2005,5,1781.22
2003,2,3065.04
2003,4,3551.34
2003,6,5544.02
2003,8,6034.33
2003,9,3641.57
2003,10,6930.74
2003,11,3675.63
2003,11,3442.04
2003,11,6893.81
2004,1,2622.48
2004,2,4417.38
2004,3,3606.02
2004,5,3802.56
2004,7,5026.4
2004,8,6695.53
2004,9,2819.28
2004,10,3759.04
2004,10,2731.8
2004,11,1658.88
2004,11,5778.24
2004,12,5191.12
2005,1,3862.88
2005,2,1476.48
2005,3,5273.73
2005,5,4872.03
2003,1,4556.99
2003,3,8257
2003,4,8209.44
2003,5,3598.5
2003,6,3837.24
2003,7,8331.61
2003,8,4836.5
2003,9,5418.88
2003,9,3734.01
2003,10,3996.4
2003,10,8754.69
2003,11,5481.45
2003,11,4419.89
2003,11,6324.75
2003,11,4409.72
2003,11,3918.46
2003,11,7620.5
2003,12,8291.04
2003,12,3937.25
2004,1,5554.4
2004,2,6407.86
2004,3,4172.52
2004,4,7083.37
2004,5,7132.68
2004,6,6773.6
2004,6,3657.69
2004,7,4812.55
2004,7,3928.6
2004,8,6401.22
2004,8,4191.25
2004,8,5852.52
2004,9,2844.87
2003,10,4011.66
2004,10,7455.87
2004,10,8940.96
2004,10,4572.25
2004,11,5700.09
2004,11,3155.49
2004,11,4170.69
2004,11,2878.8
2004,11,5029.5
2004,12,7396.8
2004,12,2991.68
2005,1,6275.72
2005,1,1534.95
2005,2,7264.53
2005,2,6869.05
2005,3,3353.02
2005,4,8289.05
2005,5,11887.8
2005,5,5926.9
2005,5,3793.16
2003,2,4330.1
2003,4,2011.8
2003,6,4837.18
2003,8,2151.82
2003,9,2573.46
2003,10,5344.5
2003,11,3070.52
2003,11,3952.83
2003,11,3564.75
2004,1,5614.56
2004,2,1855.41
2004,3,4598.4
2004,5,5082.42
2004,7,5450.59
2004,8,4174.92
2004,9,2418.24
2004,10,3670.4
2004,10,2481.7
2004,11,3807.68
2004,11,2230.41
2004,12,3814.64
2005,1,2117.75
2005,2,3340.48
2005,3,2154
2005,5,5808.48
2003,3,1777.1
2003,5,1536.57
2003,7,3510
2003,9,3097.44
2003,10,1705.41
2003,11,2264.32
2003,11,2484.6
2003,11,3415.68
2003,12,2839.32
2004,1,2730
2004,2,3540.53
2004,4,2999.97
2004,5,1527.8
2004,7,3907.8
2004,8,2658.48
2004,8,3042.68
2003,10,3861.2
2004,10,2171.07
2004,11,3403.08
2004,11,2245.8
2004,11,1668.5
2005,1,2773.8
2005,2,2464
2005,3,5491.6
2003,1,4791.82
2003,3,4178.85
2003,5,3128.92
2003,7,3095.4
2003,9,3958.5
2003,10,4991.44
2003,11,2761.96
2003,11,2848.23
2003,11,2539.84
2003,12,2444.4
2004,1,4555.92
2004,3,3666.96
2004,4,3035.88
2004,6,2321.54
2004,8,3474.46
2004,9,2501.98
2004,10,3958.46
2004,10,3535.95
2004,11,3011.91
2004,11,11336.7
2004,11,2656.94
2004,12,2604.25
2005,1,3288.6
2005,2,8935.5
2005,3,4035.96
2005,5,1875.09
2003,3,4049.56
2003,5,2469.39
2003,7,5432.7
2003,9,4405.22
2003,10,3638
2003,11,4444.92
2003,11,3395.48
2003,11,3414.58
2003,12,5127.04
2004,1,3745.28
2004,2,4564.08
2004,4,6554.24
2004,5,6749.83
2004,7,8427.02
2004,8,3924.6
2004,8,6761.6
2003,10,3786.49
2004,10,6266.12
2004,11,3491
2004,11,4405.22
2004,11,6548.3
2004,12,3177.91
2005,1,4142.64
2005,2,4149.07
2005,3,7397
2003,3,6241.6
2003,5,5331.88
2003,7,5124.3
2003,9,3639.44
2003,10,5544
2003,11,5493.12
2003,11,5785.26
2003,11,5340.6
2003,12,5735.8
2004,1,6357.6
2004,2,7343.9
2004,4,5959.22
2004,6,4029.38
2004,7,5035.14
2004,8,4116.8
2004,8,4310.55
2003,10,6446.7
2004,10,3616.64
2004,11,4232.76
2004,11,1765.66
2004,11,3734.72
2005,1,4808.38
2005,2,2266.56
2005,4,10468.9
2005,5,5589.14
2003,3,2914.11
2003,5,1740.9
2003,7,2266.2
2003,9,3155.58
2003,10,1357.86
2003,11,2598.82
2003,11,1057.56
2003,11,3127.82
2004,1,2488.14
2004,2,2220.72
2004,4,1357.72
2004,5,1638.04
2004,6,2626.08
2004,8,1661.88
2004,8,2173.6
2004,9,2182.05
2004,10,2819.88
2004,11,2598.64
2004,11,2019.27
2004,11,1454.7
2004,12,1657.57
2005,1,2851.84
2005,2,4609.64
2005,3,5079.96
2005,4,1879.92
2003,2,4774.86
2003,4,2687.04
2003,6,3423.75
2003,8,3455.76
2003,10,3622.97
2003,10,3599.58
2003,11,5386.56
2003,11,4918.78
2003,11,2538.8
2004,1,2498.6
2004,2,3858.75
2004,5,5600.5
2004,6,4103.46
2004,7,4287.5
2004,8,5795.54
2004,9,1863.4
2004,10,4166.88
2004,11,4080.07
2004,11,3815.48
2004,11,5526.45
2004,12,3374.6
2005,1,3024.5
2005,3,1266.1
2005,3,4811.85
2005,4,7307.42
2005,5,6209.25
2003,1,5348.5
2003,4,2780.58
2003,6,3447
2003,8,3791.52
2003,9,4524.1
2003,10,3337.6
2003,11,5532.12
2003,11,5096.91
2003,11,4537.08
2003,12,6146.8
2004,2,8258
2004,3,7238.28
2004,5,6756
2004,7,3734
2004,8,4674.8
2004,9,7140.76
2004,10,3600.65
2004,10,4206.74
2004,11,5379.71
2004,11,5679.36
2004,12,4394.84
2004,12,2528.25
2005,1,7031.52
2005,2,5340.9
2005,3,6376.58
2005,5,6896.75
2003,1,1903.22
2003,3,2499.56
2003,5,3081.24
2003,9,3598.22
2003,10,3912.09
2003,11,1584.66
2003,11,3942.72
2003,11,2341.2
2003,12,2482.11
2004,1,3602.02
2004,3,3566.94
2004,4,3787.98
2004,8,3704.05
2004,9,2834.65
2003,10,3392.26
2004,10,3358.31
2004,11,7310
2004,11,2203.11
2005,1,2696.96
2005,2,3376.64
2005,4,541.14
2005,5,6134.7
2003,2,3382.5
2003,4,2240.66
2003,6,3962.88
2003,8,1685.28
2003,9,1834.36
2003,10,1916.98
2003,11,2611
2003,11,3630.28
2003,11,5090.5
2004,1,3949.65
2004,2,3491.67
2004,3,2059.19
2004,5,3170.16
2004,6,1790.6
2004,7,2345.97
2004,8,3580.88
2004,9,4946.06
2004,10,3525.6
2004,10,3602.16
2004,11,4300.5
2004,11,4498.19
2004,12,3023.1
2005,1,3562.49
2005,2,1640.24
2005,3,4739.4
2005,5,1207.68
2003,1,4228.2
2003,4,4815.45
2003,5,7083
2003,7,4601.2
2003,9,6467.02
2003,10,5012.55
2003,11,5121.59
2003,11,2441.04
2003,11,4262.08
2003,12,6658.02
2004,2,4509.08
2004,3,4716.23
2004,5,2390.22
2004,6,4666.62
2004,7,5383.08
2004,8,2482.25
2004,9,5288.64
2004,10,2184.38
2004,10,2881.76
2004,11,6203.06
2004,11,6763.47
2004,11,5884.65
2004,12,3559.64
2005,1,1668.37
2005,2,4890.6
2005,5,5235.72
2005,5,4325.16
2003,1,1938.89
2003,3,2490.5
2003,5,2314.69
2003,7,1254.83
2003,9,1282.8
2003,10,1345.75
2003,11,2194.22
2003,11,1972
2003,11,1835.98
2003,12,1119.93
2004,1,2082.88
2004,3,1569.75
2004,5,2694.15
2004,6,1257.27
2004,7,2567.84
2004,8,2634.28
2004,9,1502.78
2004,10,1676.2
2004,10,2217.15
2004,11,6832.02
2004,11,1916.64
2004,11,7110.8
2004,12,5302.8
2005,1,2730
2005,2,7827.3
2005,5,2095.45
2005,5,1556.62
2003,3,5565.12
2003,5,3583.16
2003,7,4705.18
2003,9,4444.54
2003,10,4618.88
2003,11,4910.4
2003,11,5565.12
2003,11,4237.76
2004,1,5673.58
2004,2,5260.15
2004,4,6350.96
2004,5,3559.4
2004,6,2410.6
2004,8,5713.92
2004,8,4300.32
2004,9,7947.31
2004,10,5356.8
2004,11,7901.1
2004,11,6101
2004,11,6276.46
2004,12,4203.5
2005,1,1629.04
2005,2,3289.86
2005,3,6862.94
2003,3,2574.18
2003,5,1327.79
2003,9,2356.25
2003,10,2013.5
2003,11,2807.22
2003,11,3072.96
2003,11,1906.5
2003,12,3431.7
2004,1,2084.75
2004,3,2136.01
2004,4,2009.7
2004,7,2719.8
2004,8,1575.08
2004,9,1688.43
2003,10,1672.1
2004,10,1674.75
2004,11,3472.98
2004,11,1649.18
2005,1,3751
2005,2,4536
2005,4,4421.34
2005,5,2078.28
2003,3,3069
2003,5,1713.8
2003,9,1506.5
2003,10,2692.12
2003,11,2422.08
2003,11,3488.34
2003,11,2583.34
2003,12,1249.4
2004,1,3374.71
2004,2,1265.46
2004,4,1681.46
2004,7,3204
2004,8,2398.72
2004,9,2381.04
2003,10,1944.54
2004,10,2273.7
2004,11,2116.5
2004,11,1307.32
2004,11,1726.37
2005,1,1267.77
2005,2,3441.82
2005,4,1987.18
2005,5,3880.2
2003,1,1942.15
2003,4,3259.92
2003,6,1213.8
2003,8,1086.6
2003,9,1632.75
2003,10,1734
2003,11,1857.06
2003,11,1863.41
2003,11,2924.68
2003,12,2294.18
2004,2,1457.82
2004,3,1955.88
2004,5,2314.4
2004,6,1310.96
2004,7,2913.3
2004,8,1357.78
2004,9,2150
2004,10,2783.25
2004,10,2339.92
2004,11,1729
2004,11,5972.4
2004,12,2275.2
2004,12,2673.44
2005,1,2431.75
2005,2,2018.72
2005,3,1558.99
2005,5,1104.6
2005,5,2575.1
2003,2,2845.75
2003,4,3431.75
2003,7,3273.9
2003,8,4119.4
2003,10,5355.68
2003,10,5747.5
2003,11,5355.36
2003,11,2535.75
2003,12,4351.23
2004,1,2254
2004,2,2921.28
2004,4,2299
2004,5,2637.18
2004,6,4307.52
2004,7,2153.76
2004,8,3716.88
2004,9,5455.76
2004,10,2650.62
2004,11,6437.28
2004,11,2633.4
2004,11,2278.53
2005,1,4846
2005,2,4197.1
2005,3,4597.65
2005,4,5287.7
2005,5,3550.05
2003,3,1721.73
2003,5,2993.5
2003,7,1295.06
2003,9,2671.95
2003,10,1226.59
2003,11,1453.84
2003,11,1830.22
2003,11,2530.01
2003,12,2241.45
2004,1,2399.85
2004,2,1557.72
2004,4,845.25
2004,7,1352.4
2004,8,1584.8
2004,9,2616
2003,10,1129.04
2004,10,2218.5
2004,11,2028.48
2004,11,1759.2
2004,11,977.67
2005,1,1463
2005,2,3970.56
2005,4,2576
2005,5,2233.69
2003,2,2481.64
2003,4,4651.53
2003,6,3858.1
2003,8,3501.6
2003,10,6433.7
2004,1,2658.96
2004,2,3608.76
2004,4,2214.67
2004,5,2747.53
2004,6,3310.92
2004,7,2380
2004,8,2310.88
2004,9,4061.76
2004,10,3493.7
2004,11,2872.25
2004,11,4114.38
2004,11,1063.65
2004,12,2008.44
2005,2,4328.6
2005,3,1376.43
2005,3,5552.16
2005,4,3659.02
2005,5,4165.61
2003,1,1404
2003,3,710.2
2003,5,1702.8
2003,9,1194.84
2003,10,1007.14
2003,11,977.43
2003,11,1436.76
2003,11,759.46
2003,12,1189.44
2004,1,683.8
2004,3,1226.82
2004,4,974.82
2004,8,577.6
2004,9,1106.93
2004,10,694.6
2004,10,1152.06
2004,11,2624
2004,11,3685.95
2004,11,703.6
2004,12,9720
2005,1,834.67
2005,2,2257.92
2005,3,8344.71
2005,4,1801.94
2005,5,1209.6
2003,2,3155.14
2003,4,2848.86
2003,7,3570.29
2003,8,3902.41
2003,10,1474.66
2003,10,2186.89
2003,11,1919.4
2003,11,3656
2003,12,1847
2004,1,1851
2004,2,2633.78
2004,4,3153.6
2004,5,2803.2
2004,6,2311.02
2004,7,2399.4
2004,8,2733.12
2004,9,2096.32
2004,10,2971.34
2004,11,2257.58
2004,11,3493.91
2004,11,4398.9
2005,1,3595.62
2005,2,2443.29
2005,3,3988.6
2005,4,5168.4
2005,5,2803.2
2003,2,6341.21
2003,4,5189.78
2003,6,6027.75
2003,8,3366
2003,9,5456.4
2003,10,3812.16
2003,11,6083
2003,11,3170.7
2003,11,4534.6
2004,1,4301.15
2004,2,6804.63
2004,3,5652.94
2004,5,6960.48
2004,6,4512.6
2004,7,2784.76
2004,8,5316.36
2004,9,2941.89
2004,10,3207.4
2004,10,4215.05
2004,11,4333.29
2004,11,2087.13
2004,12,1711.22
2005,1,3910.53
2005,2,2255.12
2005,3,5720.75
2005,5,3335.23
2003,1,2472.96
2003,3,1729.65
2003,5,995.5
2003,9,2414.72
2003,10,1560.47
2003,11,1112.94
2003,11,1138.94
2003,11,1012.4
2003,12,913.92
2004,1,2349.06
2004,3,1161.12
2004,4,1764.75
2004,6,1690.9
2004,8,2137.05
2004,9,2177.1
2004,10,1734.48
2004,10,865.49
2004,11,3500.1
2004,11,2223.52
2004,11,2311.68
2004,12,828.36
2005,1,856.52
2005,2,1845.45
2005,3,4042.08
2005,5,1828
2003,1,3680.28
2003,4,2925.09
2003,5,3415.77
2003,7,5105.14
2003,9,5098.8
2003,10,4661.76
2003,11,2969.96
2003,11,3496.32
2003,11,5760.93
2003,12,6819.04
2004,2,3148.88
2004,3,5704.32
2004,5,3520.6
2004,6,5285.62
2004,7,5605.05
2004,8,2779.5
2004,9,5398.08
2004,10,3189.6
2004,10,5581.8
2004,11,3820.44
2004,11,5528.04
2004,11,5981.42
2004,12,5684.65
2005,1,3449.4
2005,2,2654.4
2005,5,8498
2005,5,5510.54
2003,3,2060.45
2003,5,2460.16
2003,7,1787.56
2003,8,1645.65
2003,10,2169.18
2003,11,2816.18
2003,11,2521.05
2003,11,3199.98
2004,1,1338.12
2004,2,2972.58
2004,4,2070.9
2004,5,3092.6
2004,6,2408.7
2004,8,3472.54
2004,8,2263.28
2004,9,2194.17
2004,10,1346.4
2004,11,2533.63
2004,11,3403.26
2004,11,3307.2
2004,12,2896.65
2005,1,2632.89
2005,2,2046
2005,3,2279.55
2005,4,2150.55
2003,3,3360.45
2003,5,2326.4
2003,9,1545.6
2003,10,2144.6
2003,11,1639.22
2003,11,2649.6
2003,11,3845.6
2003,12,4527.04
2004,1,3966.3
2004,3,4142.58
2004,4,4441.5
2004,7,3315.12
2004,8,3918.53
2004,9,2830.45
2003,10,5298.86
2004,10,2620.8
2004,11,2181
2004,11,3382.08
2004,11,2876.75
2005,1,4107.2
2005,2,1350
2005,4,7182
2005,5,3933.93
2003,1,1742.4
2003,4,721.44
2003,6,1489.41
2003,8,891.03
2003,9,1209.3
2003,10,859.14
2003,11,1151.44
2003,11,1336.44
2003,11,905.28
2003,12,1247.4
2004,2,846.51
2004,3,1085.04
2004,5,1767.43
2004,6,1030.44
2004,7,1585.36
2004,8,813.2
2004,9,1172.34
2004,10,1510.56
2004,10,1448.07
2004,11,3338.1
2004,11,1225.29
2004,12,1336.68
2004,12,2985.84
2005,1,5545.8
2005,2,6089.6
2005,3,1789.4
2005,5,1082.1
2005,5,1030.44
2003,2,3659.32
2003,4,2443.6
2003,6,2349.9
2003,8,1646.19
2003,10,1670.26
2003,10,1467.48
2003,11,2748.56
2003,11,1522.4
2003,11,3255.36
2004,1,3535.03
2004,2,2608.96
2004,5,1356.4
2004,6,1611.36
2004,7,2603.2
2004,8,2219.7
2004,9,1496.25
2004,10,1884
2004,11,2166.14
2004,11,2828.16
2004,11,6214.45
2004,12,1867
2005,1,2676.72
2005,3,2182.44
2005,3,1611.4
2005,4,1479.84
2005,5,1424.22
2003,3,5942.28
2003,5,2348.75
2003,9,4392.12
2003,10,2759.75
2003,11,2728.03
2003,11,2395.8
2003,11,3052.33
2003,12,4242
2004,1,2790.45
2004,3,4340.49
2004,4,2762.2
2004,7,4645.72
2004,8,5580.96
2004,9,6539.04
2003,10,5548.95
2004,10,4595.41
2004,11,1859.44
2004,11,2093.76
2005,1,4223.13
2005,2,1596.76
2005,4,5820.35
2005,5,5296.5
2003,3,930.9
2003,5,1207.44
2003,7,717.4
2003,9,1066.75
2003,10,1554
2003,11,1277.64
2003,11,1578.79
2003,11,917.7
2003,12,777
2004,1,1476.28
2004,2,1538.46
2004,4,891.2
2004,6,1706.8
2004,7,1373.6
2004,8,1205.59
2004,8,1427.4
2003,10,1649.28
2004,10,1383.03
2004,11,1229.51
2004,11,1140.48
2004,11,1575.6
2004,12,1386.72
2005,1,5018.4
2005,2,5856.85
2005,3,4894.73
2005,4,2094.32
2005,5,640.05
2003,2,3193.52
2003,4,3066.7
2003,6,3883.11
2003,8,4814.25
2003,10,2826.27
2003,10,1593.2
2003,11,3266.1
2003,11,2453.55
2003,11,3910.4
2004,1,1788
2004,2,3328.07
2004,3,3788.4
2004,5,3053.7
2004,6,2005.74
2004,7,2796.12
2004,8,3159.96
2004,9,3908.62
2004,10,2606.48
2004,10,2081.76
2004,11,3519.85
2004,11,10758
2004,12,3021
2005,1,1891.56
2005,2,4208.41
2005,3,2246.4
2005,5,6107.4
2003,3,1987.74
2003,5,4068.96
2003,9,2282.22
2003,10,1541
2003,11,1951.92
2003,11,3107.61
2003,11,2328.64
2003,12,3184.8
2004,1,2149.74
2004,3,3184.8
2004,4,2114.58
2004,7,4256.56
2004,8,2344.98
2004,9,2328.66
2003,10,3575.04
2004,10,2076
2004,11,3305.25
2004,11,1538.55
2004,11,3325.92
2005,1,3662.52
2005,2,3478.64
2005,4,1057.29
2005,5,3385.9
2003,3,1892.1
2003,5,1707.14
2003,7,1785.51
2003,9,2057.4
2003,10,3490
2003,11,1707.14
2003,11,1506.96
2003,11,2880.48
2003,12,2206.6
2004,1,2351.04
2004,2,1205.04
2004,4,2935.15
2004,6,1263.84
2004,7,2935.15
2004,8,1224.6
2004,8,1359.4
2003,10,1822.18
2004,10,2163.72
2004,11,1591.98
2004,11,3078.5
2004,11,2997.6
2004,12,2747.8
2005,1,2447.76
2005,2,1910.84
2005,3,2430.64
2005,5,2896.3
2003,2,1630.6
2003,4,1459.6
2003,6,1716.22
2003,8,2560.47
2003,10,1900.26
2003,10,2019.84
2003,11,1988.28
2003,11,1449.84
2003,11,1935.09
2004,1,2793.24
2004,2,3025.05
2004,5,1742.5
2004,6,3236.1
2004,7,1735.92
2004,8,2795.13
2004,9,1671.52
2004,10,1576.74
2004,11,3615.71
2004,11,1459.6
2004,11,2891.01
2004,12,2598.44
2004,12,3871.92
2005,1,3036
2005,3,2231.6
2005,3,2436.78
2005,4,2173.6
2005,5,1254.6
2003,3,3724.42
2003,5,5203
2003,9,3469.5
2003,10,3148.2
2003,11,2167.22
2003,11,6244.07
2003,11,5566
2003,12,4368.96
2004,1,4039.26
2004,2,4420.32
2004,4,2341.71
2004,7,5110.98
2004,8,6168
2004,9,4873.26
2003,10,2120.14
2004,10,4236.14
2004,11,1888.95
2004,11,1152.58
2004,11,2492.88
2005,1,1991.6
2005,2,3953.18
2005,4,3729.39
2005,5,2617.16
2003,2,3983.5
2003,4,3169.95
2003,6,3899.5
2003,8,1851.73
2003,10,2513.41
2003,10,2431.94
2003,11,1514.52
2003,11,3079.44
2003,11,1900.36
2004,1,1974.06
2004,2,3703.46
2004,5,1755.13
2004,6,4273.29
2004,7,3984.96
2004,8,2407.68
2004,9,1697.3
2004,10,2011.02
2004,11,2306.25
2004,11,1845
2004,11,2493.12
2004,12,1508.5
2005,1,2394.3
2005,2,3164.98
2005,3,3351.09
2005,4,3064.32
2005,5,3891.81
2003,3,5448.8
2003,5,5494.97
2003,7,6336.07
2003,9,2906.97
2003,10,4767.7
2003,11,3819.56
2003,11,3861.75
2003,11,6319.35
2003,12,6996.42
2004,1,6949.67
2004,2,4550
2004,4,4479.63
2004,6,5148
2004,7,2932.08
2004,8,3159.75
2004,8,4297.32
2003,10,7723.5
2004,10,5497.65
2004,11,4052.88
2004,11,3135.93
2004,11,5013.54
2004,12,5302.72
2005,1,2931.98
2005,2,1757.91
2005,3,6763.05
2005,4,11739.7
2005,5,9240
2003,2,3241.5
2003,4,1968.12
2003,6,4094.5
2003,8,1853.32
2003,10,3392.84
2003,10,1971.54
2003,11,2169.9
2003,11,2846.17
2004,1,2018.4
2004,2,2718.72
2004,4,1981.65
2004,5,3002.4
2004,6,2948.16
2004,7,3357.49
2004,8,1175.16
2004,9,2292.8
2004,10,3286.49
2004,11,2333.7
2004,11,2675.05
2004,11,4361.4
2004,12,2018.58
2004,12,3710.98
2005,1,2847
2005,3,3006.12
2005,3,2797.84
2005,4,3843.2
2005,5,1351.08
2003,1,1689.03
2003,3,1654.56
2003,5,1528.58
2003,9,1013.48
2003,10,1442.26
2003,11,1163.05
2003,11,971.98
2003,11,902.66
2003,12,1295.97
2004,1,1534.72
2004,3,1185.3
2004,4,1698.78
2004,8,1381.05
2004,9,1340.46
2004,10,965.04
2004,10,1093.99
2004,11,3166.84
2004,11,2143.68
2005,1,1717.64
2005,2,4086.29
2005,4,553.95
2005,5,652.35
2003,1,2921.62
2003,4,5568.64
2003,6,1939.8
2003,8,3784.8
2003,9,2802.09
2003,10,2384.64
2003,11,2915.66
2003,11,5795.72
2003,11,3699.88
2003,12,2980.6
2004,2,5032.74
2004,3,4737.15
2004,5,6311.2
2004,7,3070.54
2004,8,4797.39
2004,9,3832.38
2004,10,4641.48
2004,10,4000.26
2004,11,5325.76
2004,11,4618.69
2004,12,3182.97
2004,12,2603.04
2005,1,1408.96
2005,2,1972.11
2005,3,5207.75
2005,5,4253.2
2003,1,2873
2003,3,2253.68
2003,5,3576.12
2003,7,3276.13
2003,9,1811.4
2003,10,3845.1
2003,11,2571.14
2003,11,5035.11
2003,11,2279
2003,12,3213.87
2004,1,3532.23
2004,3,3406.59
2004,4,3467.2
2004,6,3628.94
2004,7,4674.72
2004,8,1656.69
2004,9,5171.4
2004,10,3342.57
2004,10,4884.88
2004,11,6267.69
2004,11,4424.16
2004,11,1962.09
2004,12,6847
2005,1,3476.8
2005,2,4592.61
2005,5,2208.92
2003,2,1657.76
2003,4,2479.21
2003,6,3565.92
2003,8,2797.41
2003,10,3756
2004,1,2840
2004,2,1716.26
2004,4,3245.6
2004,5,2760.94
2004,6,1808.4
2004,7,1682.37
2004,8,1491
2004,9,1666.35
2004,10,3666.08
2004,11,2916.2
2004,11,2616.98
2004,11,3390.8
2004,12,3146.5
2004,12,1561.5
2005,2,10039.6
2005,3,3167
2005,3,3521.25
2005,4,4219.28
2005,5,3581.76
2003,3,2130.01
2003,5,2063.06
2003,7,2008.13
2003,9,2004.77
2003,10,1543.3
2003,11,2269.92
2003,11,1991.92
2003,11,2916.76
2004,1,2027.52
2004,2,3235.18
2004,4,2062.94
2004,5,3317.78
2004,6,3913.69
2004,8,3608.64
2004,8,3524.8
2004,9,2586.88
2004,10,4753.49
2004,11,3684.67
2004,11,5715.4
2004,11,3098.7
2004,12,2670.92
2005,1,5154.41
2005,2,4894.17
2005,3,2472.6
2003,1,3224.31
2003,4,3667.52
2003,5,4141.33
2003,7,2829.58
2003,9,3068.55
2003,10,2634.96
2003,11,2436.72
2003,11,4607.36
2003,11,3598.99
2003,12,3964.1
2004,2,2244.9
2004,3,2793
2004,5,4133.64
2004,6,3900.6
2004,7,2743.04
2004,8,2402.07
2004,9,2178.54
2004,10,3155.04
2004,10,2366.28
2004,11,1963.6
2004,11,4746.28
2004,11,6386.94
2004,12,4428
2005,1,4044.04
2005,2,2708.42
2005,5,2904.72
2005,5,3553.88
2003,2,1858
2003,4,2461.36
2003,6,2642.01
2003,8,3098.7
2003,10,3244.36
2003,11,4351.16
2004,1,3675.86
2004,2,2475.27
2004,4,4177.49
2004,5,3282.28
2004,6,2477.21
2004,7,1883.93
2004,8,3658.93
2004,9,2856.88
2004,10,1917.84
2004,11,5305.36
2004,11,2875.95
2004,11,6482.85
2004,12,3733.82
2005,1,6576.5
2005,2,6353.27
2005,3,4175.6
2005,4,4992.61
2005,5,4764.6
2003,3,1173.15
2003,5,1384.46
2003,7,1327.59
2003,8,1109.8
2003,10,1239
2003,11,1035.58
2003,11,1545.64
2003,11,1517.54
2004,1,1731.84
2004,2,1695.49
2004,4,1045.98
2004,5,1738.08
2004,6,651.8
2004,8,988.47
2004,8,1518.11
2004,9,1013.76
2004,10,1549.8
2004,11,1108.38
2004,11,4102.56
2004,11,3713.16
2004,12,1513.54
2005,1,2317.44
2005,2,3298.4
2005,3,1826.96
2005,4,1206.9
2003,1,1666.7
2003,4,1560.44
2003,6,2337.75
2003,8,1103.76
2003,9,2617.85
2003,10,2207.52
2003,11,3165.5
2003,11,2071.41
2003,11,1385.28
2003,12,1621.62
2004,2,1931.65
2004,3,1244.53
2004,5,1704.5
2004,6,1753.2
2004,7,1666.7
2004,8,1710.89
2004,9,2326.5
2004,10,2316
2004,10,1727.1
2004,11,8844.12
2004,11,2424
2004,12,1535.49
2004,12,6358.68
2005,1,1329.4
2005,2,1701.76
2005,3,2259.72
2005,5,925.3
2005,5,482.13
2003,1,3227.63
2003,4,1711.26
2003,6,2054.36
2003,8,3131.94
2003,9,1681.35
2003,10,2351.36
2003,11,1408
2003,11,2445.6
2003,11,1804.44
2003,12,2544.75
2004,2,1056.4
2004,3,2801.4
2004,5,1988.4
2004,7,2908.35
2004,8,2147.4
2004,9,2099.63
2004,10,2315.18
2004,10,2327.15
2004,11,5377.4
2004,11,2626.01
2004,12,4406.4
2004,12,4301.22
2005,1,2986.5
2005,2,1587.08
2005,3,1808.4
2005,5,1193.04
2003,1,3403.35
2003,3,1575.96
2003,5,1630.2
2003,7,1701.28
2003,9,2850.82
2003,10,2692.06
2003,11,2174.42
2003,11,3167.36
2003,11,2142.66
2003,12,2117.52
2004,2,2419.95
2004,3,2191.2
2004,5,3043.04
2004,6,1228.2
2004,7,1330.35
2004,8,2792.52
2004,9,2296
2004,10,2629.44
2004,10,1912.16
2004,11,8209.44
2004,11,2431.77
2004,11,3139.99
2004,12,5669.64
2005,1,3160.25
2005,2,6799.68
2005,5,1867.32
2005,5,2702.04
2003,2,2406.36
2003,4,2094.67
2003,6,2797.9
2003,8,1637.2
2003,10,2281.91
2004,1,2307.24
2004,2,1320.8
2004,4,2642.82
2004,5,3061
2004,6,3164.4
2004,7,1791.16
2004,8,4093
2004,9,2234.4
2004,10,3037.84
2004,11,1419.84
2004,11,1948.08
2004,11,2307.24
2004,12,1780.4
2004,12,3544.17
2005,2,3619.44
2005,3,3918.95
2005,3,1483.02
2005,4,4819.26
2005,5,1591.72
2003,3,3669.78
2003,5,2168.5
2003,7,2694
2003,8,3251.34
2003,10,2347.15
2003,11,3920.88
2003,11,2514.6
2003,11,3600.24
2004,1,4040.03
2004,2,3336.9
2004,4,3113.64
2004,5,2832
2004,6,3330.98
2004,8,4304.64
2004,8,2600.26
2004,9,4382.16
2004,10,4235
2004,11,2626.8
2004,11,5026.56
2004,11,2201.62
2004,12,4326.8
2005,1,3425.18
2005,2,4701.88
2005,3,2204.1
2005,4,5189.4
2003,2,1565.85
2003,4,2480.38
2003,6,1355.13
2003,8,1246.44
2003,10,820.4
2003,10,2492.64
2003,12,1113.6
2004,1,1763.86
2004,2,1896.66
2004,4,1449.35
2004,5,1869.48
2004,6,1860.53
2004,7,1724.82
2004,8,1713.69
2004,9,1259.44
2004,10,2051.08
2004,11,1617.38
2004,11,1765.62
2004,11,2024.8
2004,12,3288.4
2004,12,2725.47
2005,2,3224.2
2005,3,3211.38
2005,3,1796.34
2005,4,1979.6
2005,5,1921.41
2003,1,3705.24
2003,4,2843.91
2003,6,6176.42
2003,8,5500.44
2003,9,3220.1
2003,10,4556.16
2003,11,3114.89
2003,11,4948.2
2003,11,5161.17
2003,12,2657.76
2004,2,3983.05
2004,3,3974.94
2004,5,2928.42
2004,6,3054.57
2004,7,3345.26
2004,8,4310.72
2004,9,4983.14
2004,10,4618.32
2004,10,3403.12
2004,11,5190.42
2004,11,3141.57
2004,12,2213.4
2004,12,4896.7
2005,1,2714.4
2005,2,3087.05
2005,3,5692.96
2005,5,3460.86
2005,5,1895.94
2003,1,1705.92
2003,4,1033.41
2003,6,3179.52
2003,8,2091.18
2003,9,1779.71
2003,10,2537.64
2003,11,2448.72
2003,11,972.4
2003,11,2856.14
2004,1,1968.3
2004,2,2056.2
2004,3,2242.02
2004,5,3128.65
2004,7,2443.26
2004,8,2470.86
2004,9,1927.45
2004,10,2051.56
2004,10,2337.38
2004,11,5932.96
2004,11,2296.77
2004,12,6490.88
2004,12,1623.25
2005,1,1405.92
2005,2,2282.28
2005,3,8977.05
2005,5,3256.35
2003,3,2821.66
2003,5,3293.4
2003,7,4224
2003,8,3091.68
2003,10,2219.6
2003,11,3866.4
2003,11,1964.76
2003,11,2668.8
2004,1,3222
2004,2,3864.5
2004,4,1366.8
2004,5,3475.68
2004,6,4206.5
2004,8,1486.38
2004,8,3077.88
2004,9,3544.2
2004,10,2483.04
2004,11,3478.05
2004,11,3657.8
2004,11,4682.36
2004,12,3937.7
2005,1,4984.32
2005,2,5406.66
2005,3,3491.18
2005,4,2118.54
2003,2,2897.47
2003,4,1916.75
2003,6,1860
2003,8,2624
2003,9,2780.81
2003,10,3239.62
2003,11,1824
2003,11,1134
2003,11,1487.41
2004,1,2837.46
2004,2,1942.77
2004,3,2544.12
2004,5,2568.24
2004,6,2108
2004,7,1372.14
2004,8,3540.15
2004,9,1958.84
2004,10,2700
2004,10,2542
2004,11,2340
2004,11,2816.44
2004,12,3526.82
2005,1,4627.92
2005,2,1933.5
2005,3,2600.13
2005,5,2639.58
2003,2,3312.97
2003,4,3863.87
2003,6,1863.36
2003,8,3945.96
2003,10,4954.08
2003,10,2762.2
2003,12,3989.76
2004,1,1649.55
2004,2,2534.75
2004,4,2580.25
2004,5,2831.54
2004,6,3361.2
2004,7,2864.32
2004,8,1994.88
2004,9,4296.6
2004,10,2224.95
2004,11,2795.14
2004,11,2762.1
2004,11,2658
2004,12,5043.87
2004,12,1210.8
2005,2,3029.19
2005,3,10066.6
2005,3,4121.43
2005,4,1135.31
2005,5,2100.82
2003,2,2034.35
2003,4,3027.84
2003,6,3104
2003,8,3612.43
2003,9,2711.88
2003,10,3013.97
2003,11,2738.54
2003,11,2832
2003,11,4720
2004,1,3222
2004,2,2231
2004,3,2296.84
2004,5,4157.2
2004,7,2146.2
2004,8,3724.23
2004,9,2084.81
2004,10,3488.78
2004,10,1753.06
2004,11,3469.2
2004,11,2530.8
2004,12,2924.32
2005,1,4496.8
2005,2,6397.44
2005,3,2577.6
2005,5,3533.62
2003,2,3177.3
2003,4,2730.06
2003,6,1891.78
2003,8,2612.48
2003,10,2925.76
2003,10,2940.02
2003,11,3293.24
2003,11,2389.68
2003,11,2172.48
2004,1,2927.43
2004,2,2659.54
2004,5,3838
2004,6,4142.16
2004,7,2172.48
2004,8,1882.8
2004,9,3477.86
2004,10,3323.84
2004,11,4195.8
2004,11,4156.58
2004,11,3918.75
2004,12,2352.67
2004,12,1089.36
2005,1,2701.12
2005,3,2487.04
2005,3,3910.32
2005,4,4038.8
2005,5,3070.4
2003,2,3763.46
2003,4,2584.8
2003,6,4427.6
2003,8,2152.02
2003,10,2353.4
2003,10,3431.39
2003,11,1930.5
2003,11,4774.56
2004,1,2592.72
2004,2,3246.75
2004,4,3372.5
2004,5,3909.15
2004,6,2994.75
2004,7,4472.52
2004,8,4576.95
2004,9,2441.04
2004,10,3106.25
2004,11,2706.41
2004,11,4021.53
2004,11,4826.25
2004,12,4935.28
2004,12,2754.7
2005,2,3856.71
2005,3,3102.08
2005,3,1908.72
2005,4,7543.75
2005,5,2457.18
2003,2,2038.87
2003,4,2499.26
2003,6,3838.05
2003,8,2643.99
2003,10,2315.88
2003,10,3225.06
2003,11,2451.84
2003,11,2254.98
2003,11,3939.5
2004,1,3424.7
2004,2,2914.2
2004,3,2389.6
2004,5,2428.48
2004,6,3021.48
2004,7,2610.72
2004,8,3091.19
2004,9,2576.2
2004,10,3232.31
2004,11,3573.6
2004,11,2022.51
2004,11,3717.5
2004,12,2185.15
2005,1,2883.53
2005,3,5017.57
2005,3,1463
2005,5,2352.59
2003,1,4460.82
2003,4,4758.18
2003,5,4597.2
2003,7,4114.8
2003,9,2104
2003,10,3195.27
2003,11,3611.16
2003,11,2000.77
2003,11,2314.26
2003,12,3871.89
2004,2,2728
2004,3,5614
2004,5,4628.8
2004,6,3641.4
2004,7,4048
2004,8,2321.46
2004,9,3256.96
2004,10,4208
2004,10,2973.9
2004,11,4248.3
2004,11,9558.8
2004,11,2650.56
2004,12,3761.37
2005,1,4301.34
2005,2,1864.56
2005,5,3576.8
2005,5,3722.32
2003,2,3986.56
2003,4,3417.12
2003,6,2691.09
2003,8,2752.6
2003,10,4527.72
2003,11,3957.05
2004,1,2818
2004,2,3199.86
2004,4,2402.75
2004,5,6055.72
2004,6,5465.16
2004,7,6378.72
2004,8,5392.8
2004,9,3986.5
2004,10,4009.23
2004,11,7119
2004,11,4072.2
2004,11,4094.51
2004,12,3302.4
2004,12,3186.48
2005,2,1668.25
2005,3,7154.5
2005,3,2810.83
2005,4,2018.31
2005,5,5642.83
2003,2,3273.6
2003,4,3268
2003,8,2688
2003,10,3715.2
2003,10,4608
2003,12,3131.2
2004,1,2678.4
2004,2,1747.2
2004,4,2944
2004,5,2956.8
2004,6,2052
2004,7,3164.8
2004,8,1740
2004,9,1777.6
2004,10,1831.2
2004,11,3609.6
2004,11,2112
2004,11,3644.12
2004,12,3523.85
2004,12,5001.92
2005,2,5208.72
2005,3,3018.88
2005,3,1902.4
2005,4,7084
2005,5,2620.8
2003,2,3164.46
2003,4,4219.2
2003,6,3828.3
2003,8,2334.99
2003,9,4407.5
2003,10,2812.8
2003,11,4055.04
2003,11,3891.66
2003,11,2488.32
2004,1,4447.4
2004,2,4187.22
2004,3,4615.68
2004,5,3245.4
2004,6,2203.75
2004,7,3446
2004,8,1939.3
2004,9,3473.78
2004,10,2884.8
2004,10,2670.65
2004,11,3440
2004,11,2770.78
2004,12,2397.54
2005,1,3275.56
2005,3,4143.6
2005,3,5192.64
2005,5,3029.04
2003,2,2556.18
2003,4,3753.9
2003,6,2562.3
2003,8,3245.58
2003,9,2204.6
2003,10,3003
2003,11,2526.48
2003,11,1747.9
2003,11,3267.25
2004,1,2818.53
2004,2,2955.54
2004,3,2885.05
2004,5,3162.95
2004,6,4071.5
2004,7,2969.46
2004,8,3396.44
2004,9,4692.6
2004,10,3515.7
2004,10,3380.69
2004,11,3204.57
2004,11,2588.04
2004,12,2854.75
2005,1,4025.6
2005,3,2864.4
2005,3,3789.72
2005,5,2439.99
2003,2,2949.12
2003,4,1539.72
2003,6,2213.38
2003,8,2919.58
2003,10,3778.28
2003,10,3233.49
2003,11,3431.25
2003,11,2546.8
2004,1,2953.86
2004,2,3183.29
2004,4,2466.7
2004,5,2363.22
2004,6,2487.45
2004,7,2249.05
2004,8,2061.12
2004,9,4071.14
2004,10,2656.29
2004,11,2736.36
2004,11,3348.93
2004,11,2893
2004,12,1661.22
2004,12,4277.35
2005,1,2502.9
2005,3,3801.6
2005,3,3144.96
2005,4,2031.4
2005,5,2674.17
2003,2,2526.72
2003,4,1348.76
2003,6,875.91
2003,8,1874.05
2003,10,1671.44
2003,10,1668.4
2003,11,2301.75
2003,11,1459.92
2003,11,1209.59
2004,1,2145.12
2004,2,1416.39
2004,5,1843.52
2004,6,1199.31
2004,7,1875.2
2004,8,2477.23
2004,9,948.99
2004,10,1823.42
2004,11,1485.8
2004,11,3789.72
2004,11,2060.37
2004,12,2579.36
2004,12,2189.6
2005,1,1624.25
2005,3,4357.5
2005,3,1367.48
2005,4,1122.4
2005,5,2419.62
2003,2,1419.5
2003,4,2184
2003,6,2079.04
2003,8,1724.97
2003,9,3003
2003,10,1846.42
2003,11,2009.2
2003,11,1804.04
2003,11,2109.66
2004,1,2682.96
2004,2,2280.24
2004,3,1192.56
2004,5,1506.96
2004,6,1472.62
2004,7,1696.82
2004,8,1693.56
2004,9,1921.92
2004,10,2082.85
2004,10,2227.6
2004,11,3209.38
2004,11,4080.72
2004,12,2244.4
2005,1,3978.51
2005,3,5417.57
2005,3,2116.16
2005,5,3079.44
