{"$schema":"http://schema.management.azure.com/schemas/2015-01-01/deploymentTemplate.json#","contentVersion":"1.0.0.0","parameters":{"factoryName":{"type":"string","metadata":"Data Factory name"},"InputBlob":{"type":"string"}},"variables":{"factoryId":"[concat('Microsoft.DataFactory/factories/', parameters('factoryName'))]"},"resources":[{"name":"[concat(parameters('factoryName'), '/Conditional Split')]","type":"Microsoft.DataFactory/factories/pipelines","apiVersion":"2018-06-01","properties":{"activities":[{"name":"Conditional Split","type":"ExecuteDataFlow","dependsOn":[],"policy":{"timeout":"0.12:00:00","retry":0,"retryIntervalInSeconds":30,"secureOutput":false,"secureInput":false},"userProperties":[],"typeProperties":{"dataflow":{"referenceName":"Conditional Split","type":"DataFlowReference","parameters":{},"datasetParameters":{"Customers":{},"SuvSink":{},"SportsSink":{},"HybridSplit":{},"OrdinarySink":{},"SedanSink":{}}},"staging":{},"compute":{"coreCount":8,"computeType":"General"},"traceLevel":"Fine"}}],"policy":{"elapsedTimeMetric":{}},"annotations":[],"lastPublishTime":"2024-09-21T09:57:22Z"},"dependsOn":["[concat(variables('factoryId'), '/dataflows/Conditional Split')]"]},{"name":"[concat(parameters('factoryName'), '/Conditional Split')]","type":"Microsoft.DataFactory/factories/dataflows","apiVersion":"2018-06-01","properties":{"type":"MappingDataFlow","typeProperties":{"sources":[{"dataset":{"referenceName":"Cars","type":"DatasetReference"},"name":"Customers"}],"sinks":[{"dataset":{"referenceName":"CarsSplit","type":"DatasetReference"},"name":"SuvSink"},{"dataset":{"referenceName":"CarsSplit2","type":"DatasetReference"},"name":"SportsSink"},{"dataset":{"referenceName":"CarsSplit3","type":"DatasetReference"},"name":"HybridSplit"},{"dataset":{"referenceName":"CarsSplit4","type":"DatasetReference"},"name":"OrdinarySink"},{"dataset":{"referenceName":"CarsSplit1","type":"DatasetReference"},"name":"SedanSink"}],"transformations":[{"name":"TypeSplit","description":"Conditionally Splitting Cars into their Types"},{"name":"TypeCast"},{"name":"RankSUV"},{"name":"RemoveNullMSRP"},{"name":"RankSedan"},{"name":"RankSports"},{"name":"RankHybrid"},{"name":"RankOrdinary"}],"scriptLines":["source(output(","          Make as string,","          Model as string,","          Type as string,","          Origin as string,","          DriveTrain as string,","          MSRP as string,","          Invoice as string,","          EngineSize as string,","          Cylinders as string,","          Horsepower as string,","          MPG_City as string,","          MPG_Highway as string,","          Weight as string,","          Wheelbase as string,","          Length as string","     ),","     allowSchemaDrift: true,","     validateSchema: false,","     ignoreNoFilesFound: false) ~> Customers","TypeCast split(equals(Type,\"SUV\"),","     equals(Type, \"Sedan\"),","     equals(Type, \"Sports\"),","     equals(Type, \"Hybrid\"),","     disjoint: false) ~> TypeSplit@(SUV, SEDAN, SPORTS, HYBRID, Ordinary)","RemoveNullMSRP cast(output(","          MSRP as integer,","          Horsepower as integer","     ),","     errors: true) ~> TypeCast","TypeSplit@SUV rank(desc(Horsepower, true),","     output(Rank as long)) ~> RankSUV","Customers filter(notEquals(MSRP, \"\")) ~> RemoveNullMSRP","TypeSplit@SEDAN rank(desc(Horsepower, true),","     output(Rank as long)) ~> RankSedan","TypeSplit@SPORTS rank(desc(Horsepower, true),","     output(Rank as long)) ~> RankSports","TypeSplit@HYBRID rank(desc(Horsepower, true),","     output(Rank as long)) ~> RankHybrid","TypeSplit@Ordinary rank(desc(Horsepower, true),","     output(Rank as long)) ~> RankOrdinary","RankSUV sink(allowSchemaDrift: true,","     validateSchema: false,","     skipDuplicateMapInputs: true,","     skipDuplicateMapOutputs: true) ~> SuvSink","RankSports sink(allowSchemaDrift: true,","     validateSchema: false,","     skipDuplicateMapInputs: true,","     skipDuplicateMapOutputs: true) ~> SportsSink","RankHybrid sink(allowSchemaDrift: true,","     validateSchema: false,","     skipDuplicateMapInputs: true,","     skipDuplicateMapOutputs: true) ~> HybridSplit","RankOrdinary sink(allowSchemaDrift: true,","     validateSchema: false,","     skipDuplicateMapInputs: true,","     skipDuplicateMapOutputs: true) ~> OrdinarySink","RankSedan sink(allowSchemaDrift: true,","     validateSchema: false,","     skipDuplicateMapInputs: true,","     skipDuplicateMapOutputs: true) ~> SedanSink"]}},"dependsOn":["[concat(variables('factoryId'), '/datasets/Cars')]","[concat(variables('factoryId'), '/datasets/CarsSplit')]","[concat(variables('factoryId'), '/datasets/CarsSplit2')]","[concat(variables('factoryId'), '/datasets/CarsSplit3')]","[concat(variables('factoryId'), '/datasets/CarsSplit4')]","[concat(variables('factoryId'), '/datasets/CarsSplit1')]"]},{"name":"[concat(parameters('factoryName'), '/Cars')]","type":"Microsoft.DataFactory/factories/datasets","apiVersion":"2018-06-01","properties":{"linkedServiceName":{"referenceName":"[parameters('InputBlob')]","type":"LinkedServiceReference"},"annotations":[],"type":"DelimitedText","typeProperties":{"location":{"type":"AzureBlobStorageLocation","fileName":"cars.csv","container":"input"},"columnDelimiter":",","escapeChar":"\\","firstRowAsHeader":true,"quoteChar":"\""},"schema":[{"name":"Make","type":"String"},{"name":"Model","type":"String"},{"name":"Type","type":"String"},{"name":"Origin","type":"String"},{"name":"DriveTrain","type":"String"},{"name":"MSRP","type":"String"},{"name":"Invoice","type":"String"},{"name":"EngineSize","type":"String"},{"name":"Cylinders","type":"String"},{"name":"Horsepower","type":"String"},{"name":"MPG_City","type":"String"},{"name":"MPG_Highway","type":"String"},{"name":"Weight","type":"String"},{"name":"Wheelbase","type":"String"},{"name":"Length","type":"String"}]},"dependsOn":[]},{"name":"[concat(parameters('factoryName'), '/CarsSplit')]","type":"Microsoft.DataFactory/factories/datasets","apiVersion":"2018-06-01","properties":{"linkedServiceName":{"referenceName":"[parameters('InputBlob')]","type":"LinkedServiceReference"},"annotations":[],"type":"DelimitedText","typeProperties":{"location":{"type":"AzureBlobStorageLocation","fileName":"Suv.csv","folderPath":"SUV","container":"cars"},"columnDelimiter":",","escapeChar":"\\","firstRowAsHeader":true,"quoteChar":"\""},"schema":[]},"dependsOn":[]},{"name":"[concat(parameters('factoryName'), '/CarsSplit2')]","type":"Microsoft.DataFactory/factories/datasets","apiVersion":"2018-06-01","properties":{"linkedServiceName":{"referenceName":"[parameters('InputBlob')]","type":"LinkedServiceReference"},"annotations":[],"type":"DelimitedText","typeProperties":{"location":{"type":"AzureBlobStorageLocation","fileName":"Sports.csv","folderPath":"Sports","container":"cars"},"columnDelimiter":",","escapeChar":"\\","firstRowAsHeader":true,"quoteChar":"\""},"schema":[]},"dependsOn":[]},{"name":"[concat(parameters('factoryName'), '/CarsSplit3')]","type":"Microsoft.DataFactory/factories/datasets","apiVersion":"2018-06-01","properties":{"linkedServiceName":{"referenceName":"[parameters('InputBlob')]","type":"LinkedServiceReference"},"annotations":[],"type":"DelimitedText","typeProperties":{"location":{"type":"AzureBlobStorageLocation","fileName":"Hybrid.csv","folderPath":"Hybrid","container":"cars"},"columnDelimiter":",","escapeChar":"\\","firstRowAsHeader":true,"quoteChar":"\""},"schema":[]},"dependsOn":[]},{"name":"[concat(parameters('factoryName'), '/CarsSplit4')]","type":"Microsoft.DataFactory/factories/datasets","apiVersion":"2018-06-01","properties":{"linkedServiceName":{"referenceName":"[parameters('InputBlob')]","type":"LinkedServiceReference"},"annotations":[],"type":"DelimitedText","typeProperties":{"location":{"type":"AzureBlobStorageLocation","fileName":"Ordinary.csv","folderPath":"Ordinary","container":"cars"},"columnDelimiter":",","escapeChar":"\\","firstRowAsHeader":true,"quoteChar":"\""},"schema":[]},"dependsOn":[]},{"name":"[concat(parameters('factoryName'), '/CarsSplit1')]","type":"Microsoft.DataFactory/factories/datasets","apiVersion":"2018-06-01","properties":{"linkedServiceName":{"referenceName":"[parameters('InputBlob')]","type":"LinkedServiceReference"},"annotations":[],"type":"DelimitedText","typeProperties":{"location":{"type":"AzureBlobStorageLocation","fileName":"Sedan.csv","folderPath":"Sedan","container":"cars"},"columnDelimiter":",","escapeChar":"\\","firstRowAsHeader":true,"quoteChar":"\""},"schema":[]},"dependsOn":[]}]}